<?xml version="1.0" encoding="utf-8"?>
<InterchangeAssessmentMetadata xmlns="http://ed-fi.org/0100" xmlns:xsi="http://www.w3.org/2001/XMLSchema-instance" xsi:schemaLocation="http://ed-fi.org/0100 C:/Projects/TSDS/trunk/src/Etl/EdFi.Etl.EdFi/Ed-Fi/Interchange-AssessmentMetadata.xsd">
	<Assessment>
		<AssessmentTitle>AP - United States History</AssessmentTitle>
		<AssessmentIdentificationCode IdentificationSystem="Test Contractor">
			<ID>Advanced Placement Social Studies 9</ID>
		</AssessmentIdentificationCode>
		<AssessmentCategory>Advanced Placement</AssessmentCategory>
		<AcademicSubject>Social Studies</AcademicSubject>
		<GradeLevelAssessed>Ninth grade</GradeLevelAssessed>
		<ContentStandard>Advanced Placement</ContentStandard>
		<Version>1</Version>
		<RevisionDate>2008-01-01</RevisionDate>
		<MaxRawScore>5</MaxRawScore>
	</Assessment>
	<Assessment>
		<AssessmentTitle>AP - United States History</AssessmentTitle>
		<AssessmentIdentificationCode IdentificationSystem="Test Contractor">
			<ID>Advanced Placement Social Studies 10</ID>
		</AssessmentIdentificationCode>
		<AssessmentCategory>Advanced Placement</AssessmentCategory>
		<AcademicSubject>Social Studies</AcademicSubject>
		<GradeLevelAssessed>Tenth grade</GradeLevelAssessed>
		<ContentStandard>Advanced Placement</ContentStandard>
		<Version>1</Version>
		<RevisionDate>2008-01-01</RevisionDate>
		<MaxRawScore>5</MaxRawScore>
	</Assessment>
	<Assessment>
		<AssessmentTitle>AP - United States History</AssessmentTitle>
		<AssessmentIdentificationCode IdentificationSystem="Test Contractor">
			<ID>Advanced Placement Social Studies 11</ID>
		</AssessmentIdentificationCode>
		<AssessmentCategory>Advanced Placement</AssessmentCategory>
		<AcademicSubject>Social Studies</AcademicSubject>
		<GradeLevelAssessed>Eleventh grade</GradeLevelAssessed>
		<ContentStandard>Advanced Placement</ContentStandard>
		<Version>1</Version>
		<RevisionDate>2008-01-01</RevisionDate>
		<MaxRawScore>5</MaxRawScore>
	</Assessment>
	<Assessment>
		<AssessmentTitle>AP - United States History</AssessmentTitle>
		<AssessmentIdentificationCode IdentificationSystem="Test Contractor">
			<ID>Advanced Placement Social Studies 12</ID>
		</AssessmentIdentificationCode>
		<AssessmentCategory>Advanced Placement</AssessmentCategory>
		<AcademicSubject>Social Studies</AcademicSubject>
		<GradeLevelAssessed>Twelfth grade</GradeLevelAssessed>
		<ContentStandard>Advanced Placement</ContentStandard>
		<Version>1</Version>
		<RevisionDate>2008-01-01</RevisionDate>
		<MaxRawScore>5</MaxRawScore>
	</Assessment>
	<Assessment>
		<AssessmentTitle>AP - Art History</AssessmentTitle>
		<AssessmentIdentificationCode IdentificationSystem="Test Contractor">
			<ID>Advanced Placement Social Studies 9</ID>
		</AssessmentIdentificationCode>
		<AssessmentCategory>Advanced Placement</AssessmentCategory>
		<AcademicSubject>Social Studies</AcademicSubject>
		<GradeLevelAssessed>Ninth grade</GradeLevelAssessed>
		<ContentStandard>Advanced Placement</ContentStandard>
		<Version>1</Version>
		<RevisionDate>2008-01-01</RevisionDate>
		<MaxRawScore>5</MaxRawScore>
	</Assessment>
	<Assessment>
		<AssessmentTitle>AP - Art History</AssessmentTitle>
		<AssessmentIdentificationCode IdentificationSystem="Test Contractor">
			<ID>Advanced Placement Social Studies 10</ID>
		</AssessmentIdentificationCode>
		<AssessmentCategory>Advanced Placement</AssessmentCategory>
		<AcademicSubject>Social Studies</AcademicSubject>
		<GradeLevelAssessed>Tenth grade</GradeLevelAssessed>
		<ContentStandard>Advanced Placement</ContentStandard>
		<Version>1</Version>
		<RevisionDate>2008-01-01</RevisionDate>
		<MaxRawScore>5</MaxRawScore>
	</Assessment>
	<Assessment>
		<AssessmentTitle>AP - Art History</AssessmentTitle>
		<AssessmentIdentificationCode IdentificationSystem="Test Contractor">
			<ID>Advanced Placement Social Studies 11</ID>
		</AssessmentIdentificationCode>
		<AssessmentCategory>Advanced Placement</AssessmentCategory>
		<AcademicSubject>Social Studies</AcademicSubject>
		<GradeLevelAssessed>Eleventh grade</GradeLevelAssessed>
		<ContentStandard>Advanced Placement</ContentStandard>
		<Version>1</Version>
		<RevisionDate>2008-01-01</RevisionDate>
		<MaxRawScore>5</MaxRawScore>
	</Assessment>
	<Assessment>
		<AssessmentTitle>AP - Art History</AssessmentTitle>
		<AssessmentIdentificationCode IdentificationSystem="Test Contractor">
			<ID>Advanced Placement Social Studies 12</ID>
		</AssessmentIdentificationCode>
		<AssessmentCategory>Advanced Placement</AssessmentCategory>
		<AcademicSubject>Social Studies</AcademicSubject>
		<GradeLevelAssessed>Twelfth grade</GradeLevelAssessed>
		<ContentStandard>Advanced Placement</ContentStandard>
		<Version>1</Version>
		<RevisionDate>2008-01-01</RevisionDate>
		<MaxRawScore>5</MaxRawScore>
	</Assessment>
	<Assessment>
		<AssessmentTitle>AP - Art: Studio Art Drawing</AssessmentTitle>
		<AssessmentIdentificationCode IdentificationSystem="Test Contractor">
			<ID>Advanced Placement Other 9</ID>
		</AssessmentIdentificationCode>
		<AssessmentCategory>Advanced Placement</AssessmentCategory>
		<AcademicSubject>Other</AcademicSubject>
		<GradeLevelAssessed>Ninth grade</GradeLevelAssessed>
		<ContentStandard>Advanced Placement</ContentStandard>
		<Version>1</Version>
		<RevisionDate>2008-01-01</RevisionDate>
		<MaxRawScore>5</MaxRawScore>
	</Assessment>
	<Assessment>
		<AssessmentTitle>AP - Art: Studio Art Drawing</AssessmentTitle>
		<AssessmentIdentificationCode IdentificationSystem="Test Contractor">
			<ID>Advanced Placement Other 10</ID>
		</AssessmentIdentificationCode>
		<AssessmentCategory>Advanced Placement</AssessmentCategory>
		<AcademicSubject>Other</AcademicSubject>
		<GradeLevelAssessed>Tenth grade</GradeLevelAssessed>
		<ContentStandard>Advanced Placement</ContentStandard>
		<Version>1</Version>
		<RevisionDate>2008-01-01</RevisionDate>
		<MaxRawScore>5</MaxRawScore>
	</Assessment>
	<Assessment>
		<AssessmentTitle>AP - Art: Studio Art Drawing</AssessmentTitle>
		<AssessmentIdentificationCode IdentificationSystem="Test Contractor">
			<ID>Advanced Placement Other 11</ID>
		</AssessmentIdentificationCode>
		<AssessmentCategory>Advanced Placement</AssessmentCategory>
		<AcademicSubject>Other</AcademicSubject>
		<GradeLevelAssessed>Eleventh grade</GradeLevelAssessed>
		<ContentStandard>Advanced Placement</ContentStandard>
		<Version>1</Version>
		<RevisionDate>2008-01-01</RevisionDate>
		<MaxRawScore>5</MaxRawScore>
	</Assessment>
	<Assessment>
		<AssessmentTitle>AP - Art: Studio Art Drawing</AssessmentTitle>
		<AssessmentIdentificationCode IdentificationSystem="Test Contractor">
			<ID>Advanced Placement Other 12</ID>
		</AssessmentIdentificationCode>
		<AssessmentCategory>Advanced Placement</AssessmentCategory>
		<AcademicSubject>Other</AcademicSubject>
		<GradeLevelAssessed>Twelfth grade</GradeLevelAssessed>
		<ContentStandard>Advanced Placement</ContentStandard>
		<Version>1</Version>
		<RevisionDate>2008-01-01</RevisionDate>
		<MaxRawScore>5</MaxRawScore>
	</Assessment>
	<Assessment>
		<AssessmentTitle>AP - Art: Studio Art 2-D Design</AssessmentTitle>
		<AssessmentIdentificationCode IdentificationSystem="Test Contractor">
			<ID>Advanced Placement Other 9</ID>
		</AssessmentIdentificationCode>
		<AssessmentCategory>Advanced Placement</AssessmentCategory>
		<AcademicSubject>Other</AcademicSubject>
		<GradeLevelAssessed>Ninth grade</GradeLevelAssessed>
		<ContentStandard>Advanced Placement</ContentStandard>
		<Version>1</Version>
		<RevisionDate>2008-01-01</RevisionDate>
		<MaxRawScore>5</MaxRawScore>
	</Assessment>
	<Assessment>
		<AssessmentTitle>AP - Art: Studio Art 2-D Design</AssessmentTitle>
		<AssessmentIdentificationCode IdentificationSystem="Test Contractor">
			<ID>Advanced Placement Other 10</ID>
		</AssessmentIdentificationCode>
		<AssessmentCategory>Advanced Placement</AssessmentCategory>
		<AcademicSubject>Other</AcademicSubject>
		<GradeLevelAssessed>Tenth grade</GradeLevelAssessed>
		<ContentStandard>Advanced Placement</ContentStandard>
		<Version>1</Version>
		<RevisionDate>2008-01-01</RevisionDate>
		<MaxRawScore>5</MaxRawScore>
	</Assessment>
	<Assessment>
		<AssessmentTitle>AP - Art: Studio Art 2-D Design</AssessmentTitle>
		<AssessmentIdentificationCode IdentificationSystem="Test Contractor">
			<ID>Advanced Placement Other 11</ID>
		</AssessmentIdentificationCode>
		<AssessmentCategory>Advanced Placement</AssessmentCategory>
		<AcademicSubject>Other</AcademicSubject>
		<GradeLevelAssessed>Eleventh grade</GradeLevelAssessed>
		<ContentStandard>Advanced Placement</ContentStandard>
		<Version>1</Version>
		<RevisionDate>2008-01-01</RevisionDate>
		<MaxRawScore>5</MaxRawScore>
	</Assessment>
	<Assessment>
		<AssessmentTitle>AP - Art: Studio Art 2-D Design</AssessmentTitle>
		<AssessmentIdentificationCode IdentificationSystem="Test Contractor">
			<ID>Advanced Placement Other 12</ID>
		</AssessmentIdentificationCode>
		<AssessmentCategory>Advanced Placement</AssessmentCategory>
		<AcademicSubject>Other</AcademicSubject>
		<GradeLevelAssessed>Twelfth grade</GradeLevelAssessed>
		<ContentStandard>Advanced Placement</ContentStandard>
		<Version>1</Version>
		<RevisionDate>2008-01-01</RevisionDate>
		<MaxRawScore>5</MaxRawScore>
	</Assessment>
	<Assessment>
		<AssessmentTitle>AP - Art: Studio Art 3-D Design</AssessmentTitle>
		<AssessmentIdentificationCode IdentificationSystem="Test Contractor">
			<ID>Advanced Placement Other 9</ID>
		</AssessmentIdentificationCode>
		<AssessmentCategory>Advanced Placement</AssessmentCategory>
		<AcademicSubject>Other</AcademicSubject>
		<GradeLevelAssessed>Ninth grade</GradeLevelAssessed>
		<ContentStandard>Advanced Placement</ContentStandard>
		<Version>1</Version>
		<RevisionDate>2008-01-01</RevisionDate>
		<MaxRawScore>5</MaxRawScore>
	</Assessment>
	<Assessment>
		<AssessmentTitle>AP - Art: Studio Art 3-D Design</AssessmentTitle>
		<AssessmentIdentificationCode IdentificationSystem="Test Contractor">
			<ID>Advanced Placement Other 10</ID>
		</AssessmentIdentificationCode>
		<AssessmentCategory>Advanced Placement</AssessmentCategory>
		<AcademicSubject>Other</AcademicSubject>
		<GradeLevelAssessed>Tenth grade</GradeLevelAssessed>
		<ContentStandard>Advanced Placement</ContentStandard>
		<Version>1</Version>
		<RevisionDate>2008-01-01</RevisionDate>
		<MaxRawScore>5</MaxRawScore>
	</Assessment>
	<Assessment>
		<AssessmentTitle>AP - Art: Studio Art 3-D Design</AssessmentTitle>
		<AssessmentIdentificationCode IdentificationSystem="Test Contractor">
			<ID>Advanced Placement Other 11</ID>
		</AssessmentIdentificationCode>
		<AssessmentCategory>Advanced Placement</AssessmentCategory>
		<AcademicSubject>Other</AcademicSubject>
		<GradeLevelAssessed>Eleventh grade</GradeLevelAssessed>
		<ContentStandard>Advanced Placement</ContentStandard>
		<Version>1</Version>
		<RevisionDate>2008-01-01</RevisionDate>
		<MaxRawScore>5</MaxRawScore>
	</Assessment>
	<Assessment>
		<AssessmentTitle>AP - Art: Studio Art 3-D Design</AssessmentTitle>
		<AssessmentIdentificationCode IdentificationSystem="Test Contractor">
			<ID>Advanced Placement Other 12</ID>
		</AssessmentIdentificationCode>
		<AssessmentCategory>Advanced Placement</AssessmentCategory>
		<AcademicSubject>Other</AcademicSubject>
		<GradeLevelAssessed>Twelfth grade</GradeLevelAssessed>
		<ContentStandard>Advanced Placement</ContentStandard>
		<Version>1</Version>
		<RevisionDate>2008-01-01</RevisionDate>
		<MaxRawScore>5</MaxRawScore>
	</Assessment>
	<Assessment>
		<AssessmentTitle>AP - Biology</AssessmentTitle>
		<AssessmentIdentificationCode IdentificationSystem="Test Contractor">
			<ID>Advanced Placement Science 9</ID>
		</AssessmentIdentificationCode>
		<AssessmentCategory>Advanced Placement</AssessmentCategory>
		<AcademicSubject>Science</AcademicSubject>
		<GradeLevelAssessed>Ninth grade</GradeLevelAssessed>
		<ContentStandard>Advanced Placement</ContentStandard>
		<Version>1</Version>
		<RevisionDate>2008-01-01</RevisionDate>
		<MaxRawScore>5</MaxRawScore>
	</Assessment>
	<Assessment>
		<AssessmentTitle>AP - Biology</AssessmentTitle>
		<AssessmentIdentificationCode IdentificationSystem="Test Contractor">
			<ID>Advanced Placement Science 10</ID>
		</AssessmentIdentificationCode>
		<AssessmentCategory>Advanced Placement</AssessmentCategory>
		<AcademicSubject>Science</AcademicSubject>
		<GradeLevelAssessed>Tenth grade</GradeLevelAssessed>
		<ContentStandard>Advanced Placement</ContentStandard>
		<Version>1</Version>
		<RevisionDate>2008-01-01</RevisionDate>
		<MaxRawScore>5</MaxRawScore>
	</Assessment>
	<Assessment>
		<AssessmentTitle>AP - Biology</AssessmentTitle>
		<AssessmentIdentificationCode IdentificationSystem="Test Contractor">
			<ID>Advanced Placement Science 11</ID>
		</AssessmentIdentificationCode>
		<AssessmentCategory>Advanced Placement</AssessmentCategory>
		<AcademicSubject>Science</AcademicSubject>
		<GradeLevelAssessed>Eleventh grade</GradeLevelAssessed>
		<ContentStandard>Advanced Placement</ContentStandard>
		<Version>1</Version>
		<RevisionDate>2008-01-01</RevisionDate>
		<MaxRawScore>5</MaxRawScore>
	</Assessment>
	<Assessment>
		<AssessmentTitle>AP - Biology</AssessmentTitle>
		<AssessmentIdentificationCode IdentificationSystem="Test Contractor">
			<ID>Advanced Placement Science 12</ID>
		</AssessmentIdentificationCode>
		<AssessmentCategory>Advanced Placement</AssessmentCategory>
		<AcademicSubject>Science</AcademicSubject>
		<GradeLevelAssessed>Twelfth grade</GradeLevelAssessed>
		<ContentStandard>Advanced Placement</ContentStandard>
		<Version>1</Version>
		<RevisionDate>2008-01-01</RevisionDate>
		<MaxRawScore>5</MaxRawScore>
	</Assessment>
	<Assessment>
		<AssessmentTitle>AP - Chemistry</AssessmentTitle>
		<AssessmentIdentificationCode IdentificationSystem="Test Contractor">
			<ID>Advanced Placement Science 9</ID>
		</AssessmentIdentificationCode>
		<AssessmentCategory>Advanced Placement</AssessmentCategory>
		<AcademicSubject>Science</AcademicSubject>
		<GradeLevelAssessed>Ninth grade</GradeLevelAssessed>
		<ContentStandard>Advanced Placement</ContentStandard>
		<Version>1</Version>
		<RevisionDate>2008-01-01</RevisionDate>
		<MaxRawScore>5</MaxRawScore>
	</Assessment>
	<Assessment>
		<AssessmentTitle>AP - Chemistry</AssessmentTitle>
		<AssessmentIdentificationCode IdentificationSystem="Test Contractor">
			<ID>Advanced Placement Science 10</ID>
		</AssessmentIdentificationCode>
		<AssessmentCategory>Advanced Placement</AssessmentCategory>
		<AcademicSubject>Science</AcademicSubject>
		<GradeLevelAssessed>Tenth grade</GradeLevelAssessed>
		<ContentStandard>Advanced Placement</ContentStandard>
		<Version>1</Version>
		<RevisionDate>2008-01-01</RevisionDate>
		<MaxRawScore>5</MaxRawScore>
	</Assessment>
	<Assessment>
		<AssessmentTitle>AP - Chemistry</AssessmentTitle>
		<AssessmentIdentificationCode IdentificationSystem="Test Contractor">
			<ID>Advanced Placement Science 11</ID>
		</AssessmentIdentificationCode>
		<AssessmentCategory>Advanced Placement</AssessmentCategory>
		<AcademicSubject>Science</AcademicSubject>
		<GradeLevelAssessed>Eleventh grade</GradeLevelAssessed>
		<ContentStandard>Advanced Placement</ContentStandard>
		<Version>1</Version>
		<RevisionDate>2008-01-01</RevisionDate>
		<MaxRawScore>5</MaxRawScore>
	</Assessment>
	<Assessment>
		<AssessmentTitle>AP - Chemistry</AssessmentTitle>
		<AssessmentIdentificationCode IdentificationSystem="Test Contractor">
			<ID>Advanced Placement Science 12</ID>
		</AssessmentIdentificationCode>
		<AssessmentCategory>Advanced Placement</AssessmentCategory>
		<AcademicSubject>Science</AcademicSubject>
		<GradeLevelAssessed>Twelfth grade</GradeLevelAssessed>
		<ContentStandard>Advanced Placement</ContentStandard>
		<Version>1</Version>
		<RevisionDate>2008-01-01</RevisionDate>
		<MaxRawScore>5</MaxRawScore>
	</Assessment>
	<Assessment>
		<AssessmentTitle>AP - Chinese Language and Culture</AssessmentTitle>
		<AssessmentIdentificationCode IdentificationSystem="Test Contractor">
			<ID>Advanced Placement Other 9</ID>
		</AssessmentIdentificationCode>
		<AssessmentCategory>Advanced Placement</AssessmentCategory>
		<AcademicSubject>Other</AcademicSubject>
		<GradeLevelAssessed>Ninth grade</GradeLevelAssessed>
		<ContentStandard>Advanced Placement</ContentStandard>
		<Version>1</Version>
		<RevisionDate>2008-01-01</RevisionDate>
		<MaxRawScore>5</MaxRawScore>
	</Assessment>
	<Assessment>
		<AssessmentTitle>AP - Chinese Language and Culture</AssessmentTitle>
		<AssessmentIdentificationCode IdentificationSystem="Test Contractor">
			<ID>Advanced Placement Other 10</ID>
		</AssessmentIdentificationCode>
		<AssessmentCategory>Advanced Placement</AssessmentCategory>
		<AcademicSubject>Other</AcademicSubject>
		<GradeLevelAssessed>Tenth grade</GradeLevelAssessed>
		<ContentStandard>Advanced Placement</ContentStandard>
		<Version>1</Version>
		<RevisionDate>2008-01-01</RevisionDate>
		<MaxRawScore>5</MaxRawScore>
	</Assessment>
	<Assessment>
		<AssessmentTitle>AP - Chinese Language and Culture</AssessmentTitle>
		<AssessmentIdentificationCode IdentificationSystem="Test Contractor">
			<ID>Advanced Placement Other 11</ID>
		</AssessmentIdentificationCode>
		<AssessmentCategory>Advanced Placement</AssessmentCategory>
		<AcademicSubject>Other</AcademicSubject>
		<GradeLevelAssessed>Eleventh grade</GradeLevelAssessed>
		<ContentStandard>Advanced Placement</ContentStandard>
		<Version>1</Version>
		<RevisionDate>2008-01-01</RevisionDate>
		<MaxRawScore>5</MaxRawScore>
	</Assessment>
	<Assessment>
		<AssessmentTitle>AP - Chinese Language and Culture</AssessmentTitle>
		<AssessmentIdentificationCode IdentificationSystem="Test Contractor">
			<ID>Advanced Placement Other 12</ID>
		</AssessmentIdentificationCode>
		<AssessmentCategory>Advanced Placement</AssessmentCategory>
		<AcademicSubject>Other</AcademicSubject>
		<GradeLevelAssessed>Twelfth grade</GradeLevelAssessed>
		<ContentStandard>Advanced Placement</ContentStandard>
		<Version>1</Version>
		<RevisionDate>2008-01-01</RevisionDate>
		<MaxRawScore>5</MaxRawScore>
	</Assessment>
	<Assessment>
		<AssessmentTitle>AP - Computer Science A</AssessmentTitle>
		<AssessmentIdentificationCode IdentificationSystem="Test Contractor">
			<ID>Advanced Placement Other 9</ID>
		</AssessmentIdentificationCode>
		<AssessmentCategory>Advanced Placement</AssessmentCategory>
		<AcademicSubject>Other</AcademicSubject>
		<GradeLevelAssessed>Ninth grade</GradeLevelAssessed>
		<ContentStandard>Advanced Placement</ContentStandard>
		<Version>1</Version>
		<RevisionDate>2008-01-01</RevisionDate>
		<MaxRawScore>5</MaxRawScore>
	</Assessment>
	<Assessment>
		<AssessmentTitle>AP - Computer Science A</AssessmentTitle>
		<AssessmentIdentificationCode IdentificationSystem="Test Contractor">
			<ID>Advanced Placement Other 10</ID>
		</AssessmentIdentificationCode>
		<AssessmentCategory>Advanced Placement</AssessmentCategory>
		<AcademicSubject>Other</AcademicSubject>
		<GradeLevelAssessed>Tenth grade</GradeLevelAssessed>
		<ContentStandard>Advanced Placement</ContentStandard>
		<Version>1</Version>
		<RevisionDate>2008-01-01</RevisionDate>
		<MaxRawScore>5</MaxRawScore>
	</Assessment>
	<Assessment>
		<AssessmentTitle>AP - Computer Science A</AssessmentTitle>
		<AssessmentIdentificationCode IdentificationSystem="Test Contractor">
			<ID>Advanced Placement Other 11</ID>
		</AssessmentIdentificationCode>
		<AssessmentCategory>Advanced Placement</AssessmentCategory>
		<AcademicSubject>Other</AcademicSubject>
		<GradeLevelAssessed>Eleventh grade</GradeLevelAssessed>
		<ContentStandard>Advanced Placement</ContentStandard>
		<Version>1</Version>
		<RevisionDate>2008-01-01</RevisionDate>
		<MaxRawScore>5</MaxRawScore>
	</Assessment>
	<Assessment>
		<AssessmentTitle>AP - Computer Science A</AssessmentTitle>
		<AssessmentIdentificationCode IdentificationSystem="Test Contractor">
			<ID>Advanced Placement Other 12</ID>
		</AssessmentIdentificationCode>
		<AssessmentCategory>Advanced Placement</AssessmentCategory>
		<AcademicSubject>Other</AcademicSubject>
		<GradeLevelAssessed>Twelfth grade</GradeLevelAssessed>
		<ContentStandard>Advanced Placement</ContentStandard>
		<Version>1</Version>
		<RevisionDate>2008-01-01</RevisionDate>
		<MaxRawScore>5</MaxRawScore>
	</Assessment>
	<Assessment>
		<AssessmentTitle>AP - Computer Science AB</AssessmentTitle>
		<AssessmentIdentificationCode IdentificationSystem="Test Contractor">
			<ID>Advanced Placement Other 9</ID>
		</AssessmentIdentificationCode>
		<AssessmentCategory>Advanced Placement</AssessmentCategory>
		<AcademicSubject>Other</AcademicSubject>
		<GradeLevelAssessed>Ninth grade</GradeLevelAssessed>
		<ContentStandard>Advanced Placement</ContentStandard>
		<Version>1</Version>
		<RevisionDate>2008-01-01</RevisionDate>
		<MaxRawScore>5</MaxRawScore>
	</Assessment>
	<Assessment>
		<AssessmentTitle>AP - Computer Science AB</AssessmentTitle>
		<AssessmentIdentificationCode IdentificationSystem="Test Contractor">
			<ID>Advanced Placement Other 10</ID>
		</AssessmentIdentificationCode>
		<AssessmentCategory>Advanced Placement</AssessmentCategory>
		<AcademicSubject>Other</AcademicSubject>
		<GradeLevelAssessed>Tenth grade</GradeLevelAssessed>
		<ContentStandard>Advanced Placement</ContentStandard>
		<Version>1</Version>
		<RevisionDate>2008-01-01</RevisionDate>
		<MaxRawScore>5</MaxRawScore>
	</Assessment>
	<Assessment>
		<AssessmentTitle>AP - Computer Science AB</AssessmentTitle>
		<AssessmentIdentificationCode IdentificationSystem="Test Contractor">
			<ID>Advanced Placement Other 11</ID>
		</AssessmentIdentificationCode>
		<AssessmentCategory>Advanced Placement</AssessmentCategory>
		<AcademicSubject>Other</AcademicSubject>
		<GradeLevelAssessed>Eleventh grade</GradeLevelAssessed>
		<ContentStandard>Advanced Placement</ContentStandard>
		<Version>1</Version>
		<RevisionDate>2008-01-01</RevisionDate>
		<MaxRawScore>5</MaxRawScore>
	</Assessment>
	<Assessment>
		<AssessmentTitle>AP - Computer Science AB</AssessmentTitle>
		<AssessmentIdentificationCode IdentificationSystem="Test Contractor">
			<ID>Advanced Placement Other 12</ID>
		</AssessmentIdentificationCode>
		<AssessmentCategory>Advanced Placement</AssessmentCategory>
		<AcademicSubject>Other</AcademicSubject>
		<GradeLevelAssessed>Twelfth grade</GradeLevelAssessed>
		<ContentStandard>Advanced Placement</ContentStandard>
		<Version>1</Version>
		<RevisionDate>2008-01-01</RevisionDate>
		<MaxRawScore>5</MaxRawScore>
	</Assessment>
	<Assessment>
		<AssessmentTitle>AP - Economics: Microeconomisc</AssessmentTitle>
		<AssessmentIdentificationCode IdentificationSystem="Test Contractor">
			<ID>Advanced Placement Social 9</ID>
		</AssessmentIdentificationCode>
		<AssessmentCategory>Advanced Placement</AssessmentCategory>
		<AcademicSubject>Social Studies</AcademicSubject>
		<GradeLevelAssessed>Ninth grade</GradeLevelAssessed>
		<ContentStandard>Advanced Placement</ContentStandard>
		<Version>1</Version>
		<RevisionDate>2008-01-01</RevisionDate>
		<MaxRawScore>5</MaxRawScore>
	</Assessment>
	<Assessment>
		<AssessmentTitle>AP - Economics: Microeconomisc</AssessmentTitle>
		<AssessmentIdentificationCode IdentificationSystem="Test Contractor">
			<ID>Advanced Placement Social 10</ID>
		</AssessmentIdentificationCode>
		<AssessmentCategory>Advanced Placement</AssessmentCategory>
		<AcademicSubject>Social Studies</AcademicSubject>
		<GradeLevelAssessed>Tenth grade</GradeLevelAssessed>
		<ContentStandard>Advanced Placement</ContentStandard>
		<Version>1</Version>
		<RevisionDate>2008-01-01</RevisionDate>
		<MaxRawScore>5</MaxRawScore>
	</Assessment>
	<Assessment>
		<AssessmentTitle>AP - Economics: Microeconomisc</AssessmentTitle>
		<AssessmentIdentificationCode IdentificationSystem="Test Contractor">
			<ID>Advanced Placement Social 11</ID>
		</AssessmentIdentificationCode>
		<AssessmentCategory>Advanced Placement</AssessmentCategory>
		<AcademicSubject>Social Studies</AcademicSubject>
		<GradeLevelAssessed>Eleventh grade</GradeLevelAssessed>
		<ContentStandard>Advanced Placement</ContentStandard>
		<Version>1</Version>
		<RevisionDate>2008-01-01</RevisionDate>
		<MaxRawScore>5</MaxRawScore>
	</Assessment>
	<Assessment>
		<AssessmentTitle>AP - Economics: Microeconomisc</AssessmentTitle>
		<AssessmentIdentificationCode IdentificationSystem="Test Contractor">
			<ID>Advanced Placement Social 12</ID>
		</AssessmentIdentificationCode>
		<AssessmentCategory>Advanced Placement</AssessmentCategory>
		<AcademicSubject>Social Studies</AcademicSubject>
		<GradeLevelAssessed>Twelfth grade</GradeLevelAssessed>
		<ContentStandard>Advanced Placement</ContentStandard>
		<Version>1</Version>
		<RevisionDate>2008-01-01</RevisionDate>
		<MaxRawScore>5</MaxRawScore>
	</Assessment>
	<Assessment>
		<AssessmentTitle>AP - Economics: Macroeconomisc</AssessmentTitle>
		<AssessmentIdentificationCode IdentificationSystem="Test Contractor">
			<ID>Advanced Placement Social 9</ID>
		</AssessmentIdentificationCode>
		<AssessmentCategory>Advanced Placement</AssessmentCategory>
		<AcademicSubject>Social Studies</AcademicSubject>
		<GradeLevelAssessed>Ninth grade</GradeLevelAssessed>
		<ContentStandard>Advanced Placement</ContentStandard>
		<Version>1</Version>
		<RevisionDate>2008-01-01</RevisionDate>
		<MaxRawScore>5</MaxRawScore>
	</Assessment>
	<Assessment>
		<AssessmentTitle>AP - Economics: Macroeconomisc</AssessmentTitle>
		<AssessmentIdentificationCode IdentificationSystem="Test Contractor">
			<ID>Advanced Placement Social 10</ID>
		</AssessmentIdentificationCode>
		<AssessmentCategory>Advanced Placement</AssessmentCategory>
		<AcademicSubject>Social Studies</AcademicSubject>
		<GradeLevelAssessed>Tenth grade</GradeLevelAssessed>
		<ContentStandard>Advanced Placement</ContentStandard>
		<Version>1</Version>
		<RevisionDate>2008-01-01</RevisionDate>
		<MaxRawScore>5</MaxRawScore>
	</Assessment>
	<Assessment>
		<AssessmentTitle>AP - Economics: Macroeconomisc</AssessmentTitle>
		<AssessmentIdentificationCode IdentificationSystem="Test Contractor">
			<ID>Advanced Placement Social 11</ID>
		</AssessmentIdentificationCode>
		<AssessmentCategory>Advanced Placement</AssessmentCategory>
		<AcademicSubject>Social Studies</AcademicSubject>
		<GradeLevelAssessed>Eleventh grade</GradeLevelAssessed>
		<ContentStandard>Advanced Placement</ContentStandard>
		<Version>1</Version>
		<RevisionDate>2008-01-01</RevisionDate>
		<MaxRawScore>5</MaxRawScore>
	</Assessment>
	<Assessment>
		<AssessmentTitle>AP - Economics: Macroeconomisc</AssessmentTitle>
		<AssessmentIdentificationCode IdentificationSystem="Test Contractor">
			<ID>Advanced Placement Social 12</ID>
		</AssessmentIdentificationCode>
		<AssessmentCategory>Advanced Placement</AssessmentCategory>
		<AcademicSubject>Social Studies</AcademicSubject>
		<GradeLevelAssessed>Twelfth grade</GradeLevelAssessed>
		<ContentStandard>Advanced Placement</ContentStandard>
		<Version>1</Version>
		<RevisionDate>2008-01-01</RevisionDate>
		<MaxRawScore>5</MaxRawScore>
	</Assessment>
	<Assessment>
		<AssessmentTitle>AP - English Language and Composition</AssessmentTitle>
		<AssessmentIdentificationCode IdentificationSystem="Test Contractor">
			<ID>Advanced Placement ELA 9</ID>
		</AssessmentIdentificationCode>
		<AssessmentCategory>Advanced Placement</AssessmentCategory>
		<AcademicSubject>ELA</AcademicSubject>
		<GradeLevelAssessed>Ninth grade</GradeLevelAssessed>
		<ContentStandard>Advanced Placement</ContentStandard>
		<Version>1</Version>
		<RevisionDate>2008-01-01</RevisionDate>
		<MaxRawScore>5</MaxRawScore>
	</Assessment>
	<Assessment>
		<AssessmentTitle>AP - English Language and Composition</AssessmentTitle>
		<AssessmentIdentificationCode IdentificationSystem="Test Contractor">
			<ID>Advanced Placement ELA 10</ID>
		</AssessmentIdentificationCode>
		<AssessmentCategory>Advanced Placement</AssessmentCategory>
		<AcademicSubject>ELA</AcademicSubject>
		<GradeLevelAssessed>Tenth grade</GradeLevelAssessed>
		<ContentStandard>Advanced Placement</ContentStandard>
		<Version>1</Version>
		<RevisionDate>2008-01-01</RevisionDate>
		<MaxRawScore>5</MaxRawScore>
	</Assessment>
	<Assessment>
		<AssessmentTitle>AP - English Language and Composition</AssessmentTitle>
		<AssessmentIdentificationCode IdentificationSystem="Test Contractor">
			<ID>Advanced Placement ELA 11</ID>
		</AssessmentIdentificationCode>
		<AssessmentCategory>Advanced Placement</AssessmentCategory>
		<AcademicSubject>ELA</AcademicSubject>
		<GradeLevelAssessed>Eleventh grade</GradeLevelAssessed>
		<ContentStandard>Advanced Placement</ContentStandard>
		<Version>1</Version>
		<RevisionDate>2008-01-01</RevisionDate>
		<MaxRawScore>5</MaxRawScore>
	</Assessment>
	<Assessment>
		<AssessmentTitle>AP - English Language and Composition</AssessmentTitle>
		<AssessmentIdentificationCode IdentificationSystem="Test Contractor">
			<ID>Advanced Placement ELA 12</ID>
		</AssessmentIdentificationCode>
		<AssessmentCategory>Advanced Placement</AssessmentCategory>
		<AcademicSubject>ELA</AcademicSubject>
		<GradeLevelAssessed>Twelfth grade</GradeLevelAssessed>
		<ContentStandard>Advanced Placement</ContentStandard>
		<Version>1</Version>
		<RevisionDate>2008-01-01</RevisionDate>
		<MaxRawScore>5</MaxRawScore>
	</Assessment>
	<Assessment>
		<AssessmentTitle>AP - English Literature and Composition</AssessmentTitle>
		<AssessmentIdentificationCode IdentificationSystem="Test Contractor">
			<ID>Advanced Placement ELA 9</ID>
		</AssessmentIdentificationCode>
		<AssessmentCategory>Advanced Placement</AssessmentCategory>
		<AcademicSubject>ELA</AcademicSubject>
		<GradeLevelAssessed>Ninth grade</GradeLevelAssessed>
		<ContentStandard>Advanced Placement</ContentStandard>
		<Version>1</Version>
		<RevisionDate>2008-01-01</RevisionDate>
		<MaxRawScore>5</MaxRawScore>
	</Assessment>
	<Assessment>
		<AssessmentTitle>AP - English Literature and Composition</AssessmentTitle>
		<AssessmentIdentificationCode IdentificationSystem="Test Contractor">
			<ID>Advanced Placement ELA 10</ID>
		</AssessmentIdentificationCode>
		<AssessmentCategory>Advanced Placement</AssessmentCategory>
		<AcademicSubject>ELA</AcademicSubject>
		<GradeLevelAssessed>Tenth grade</GradeLevelAssessed>
		<ContentStandard>Advanced Placement</ContentStandard>
		<Version>1</Version>
		<RevisionDate>2008-01-01</RevisionDate>
		<MaxRawScore>5</MaxRawScore>
	</Assessment>
	<Assessment>
		<AssessmentTitle>AP - English Literature and Composition</AssessmentTitle>
		<AssessmentIdentificationCode IdentificationSystem="Test Contractor">
			<ID>Advanced Placement ELA 11</ID>
		</AssessmentIdentificationCode>
		<AssessmentCategory>Advanced Placement</AssessmentCategory>
		<AcademicSubject>ELA</AcademicSubject>
		<GradeLevelAssessed>Eleventh grade</GradeLevelAssessed>
		<ContentStandard>Advanced Placement</ContentStandard>
		<Version>1</Version>
		<RevisionDate>2008-01-01</RevisionDate>
		<MaxRawScore>5</MaxRawScore>
	</Assessment>
	<Assessment>
		<AssessmentTitle>AP - English Literature and Composition</AssessmentTitle>
		<AssessmentIdentificationCode IdentificationSystem="Test Contractor">
			<ID>Advanced Placement ELA 12</ID>
		</AssessmentIdentificationCode>
		<AssessmentCategory>Advanced Placement</AssessmentCategory>
		<AcademicSubject>ELA</AcademicSubject>
		<GradeLevelAssessed>Twelfth grade</GradeLevelAssessed>
		<ContentStandard>Advanced Placement</ContentStandard>
		<Version>1</Version>
		<RevisionDate>2008-01-01</RevisionDate>
		<MaxRawScore>5</MaxRawScore>
	</Assessment>
	<Assessment>
		<AssessmentTitle>AP - Environmental Science</AssessmentTitle>
		<AssessmentIdentificationCode IdentificationSystem="Test Contractor">
			<ID>Advanced Placement Science 9</ID>
		</AssessmentIdentificationCode>
		<AssessmentCategory>Advanced Placement</AssessmentCategory>
		<AcademicSubject>Science</AcademicSubject>
		<GradeLevelAssessed>Ninth grade</GradeLevelAssessed>
		<ContentStandard>Advanced Placement</ContentStandard>
		<Version>1</Version>
		<RevisionDate>2008-01-01</RevisionDate>
		<MaxRawScore>5</MaxRawScore>
	</Assessment>
	<Assessment>
		<AssessmentTitle>AP - Environmental Science</AssessmentTitle>
		<AssessmentIdentificationCode IdentificationSystem="Test Contractor">
			<ID>Advanced Placement Science 10</ID>
		</AssessmentIdentificationCode>
		<AssessmentCategory>Advanced Placement</AssessmentCategory>
		<AcademicSubject>Science</AcademicSubject>
		<GradeLevelAssessed>Tenth grade</GradeLevelAssessed>
		<ContentStandard>Advanced Placement</ContentStandard>
		<Version>1</Version>
		<RevisionDate>2008-01-01</RevisionDate>
		<MaxRawScore>5</MaxRawScore>
	</Assessment>
	<Assessment>
		<AssessmentTitle>AP - Environmental Science</AssessmentTitle>
		<AssessmentIdentificationCode IdentificationSystem="Test Contractor">
			<ID>Advanced Placement Science 11</ID>
		</AssessmentIdentificationCode>
		<AssessmentCategory>Advanced Placement</AssessmentCategory>
		<AcademicSubject>Science</AcademicSubject>
		<GradeLevelAssessed>Eleventh grade</GradeLevelAssessed>
		<ContentStandard>Advanced Placement</ContentStandard>
		<Version>1</Version>
		<RevisionDate>2008-01-01</RevisionDate>
		<MaxRawScore>5</MaxRawScore>
	</Assessment>
	<Assessment>
		<AssessmentTitle>AP - Environmental Science</AssessmentTitle>
		<AssessmentIdentificationCode IdentificationSystem="Test Contractor">
			<ID>Advanced Placement Science 12</ID>
		</AssessmentIdentificationCode>
		<AssessmentCategory>Advanced Placement</AssessmentCategory>
		<AcademicSubject>Science</AcademicSubject>
		<GradeLevelAssessed>Twelfth grade</GradeLevelAssessed>
		<ContentStandard>Advanced Placement</ContentStandard>
		<Version>1</Version>
		<RevisionDate>2008-01-01</RevisionDate>
		<MaxRawScore>5</MaxRawScore>
	</Assessment>
	<Assessment>
		<AssessmentTitle>AP - European History</AssessmentTitle>
		<AssessmentIdentificationCode IdentificationSystem="Test Contractor">
			<ID>Advanced Placement Social Studies 9</ID>
		</AssessmentIdentificationCode>
		<AssessmentCategory>Advanced Placement</AssessmentCategory>
		<AcademicSubject>Social Studies</AcademicSubject>
		<GradeLevelAssessed>Ninth grade</GradeLevelAssessed>
		<ContentStandard>Advanced Placement</ContentStandard>
		<Version>1</Version>
		<RevisionDate>2008-01-01</RevisionDate>
		<MaxRawScore>5</MaxRawScore>
	</Assessment>
	<Assessment>
		<AssessmentTitle>AP - European History</AssessmentTitle>
		<AssessmentIdentificationCode IdentificationSystem="Test Contractor">
			<ID>Advanced Placement Social Studies 10</ID>
		</AssessmentIdentificationCode>
		<AssessmentCategory>Advanced Placement</AssessmentCategory>
		<AcademicSubject>Social Studies</AcademicSubject>
		<GradeLevelAssessed>Tenth grade</GradeLevelAssessed>
		<ContentStandard>Advanced Placement</ContentStandard>
		<Version>1</Version>
		<RevisionDate>2008-01-01</RevisionDate>
		<MaxRawScore>5</MaxRawScore>
	</Assessment>
	<Assessment>
		<AssessmentTitle>AP - European History</AssessmentTitle>
		<AssessmentIdentificationCode IdentificationSystem="Test Contractor">
			<ID>Advanced Placement Social Studies 11</ID>
		</AssessmentIdentificationCode>
		<AssessmentCategory>Advanced Placement</AssessmentCategory>
		<AcademicSubject>Social Studies</AcademicSubject>
		<GradeLevelAssessed>Eleventh grade</GradeLevelAssessed>
		<ContentStandard>Advanced Placement</ContentStandard>
		<Version>1</Version>
		<RevisionDate>2008-01-01</RevisionDate>
		<MaxRawScore>5</MaxRawScore>
	</Assessment>
	<Assessment>
		<AssessmentTitle>AP - European History</AssessmentTitle>
		<AssessmentIdentificationCode IdentificationSystem="Test Contractor">
			<ID>Advanced Placement Social Studies 12</ID>
		</AssessmentIdentificationCode>
		<AssessmentCategory>Advanced Placement</AssessmentCategory>
		<AcademicSubject>Social Studies</AcademicSubject>
		<GradeLevelAssessed>Twelfth grade</GradeLevelAssessed>
		<ContentStandard>Advanced Placement</ContentStandard>
		<Version>1</Version>
		<RevisionDate>2008-01-01</RevisionDate>
		<MaxRawScore>5</MaxRawScore>
	</Assessment>
	<Assessment>
		<AssessmentTitle>AP - French Language</AssessmentTitle>
		<AssessmentIdentificationCode IdentificationSystem="Test Contractor">
			<ID>Advanced Placement Other 9</ID>
		</AssessmentIdentificationCode>
		<AssessmentCategory>Advanced Placement</AssessmentCategory>
		<AcademicSubject>Other</AcademicSubject>
		<GradeLevelAssessed>Ninth grade</GradeLevelAssessed>
		<ContentStandard>Advanced Placement</ContentStandard>
		<Version>1</Version>
		<RevisionDate>2008-01-01</RevisionDate>
		<MaxRawScore>5</MaxRawScore>
	</Assessment>
	<Assessment>
		<AssessmentTitle>AP - French Language</AssessmentTitle>
		<AssessmentIdentificationCode IdentificationSystem="Test Contractor">
			<ID>Advanced Placement Other 10</ID>
		</AssessmentIdentificationCode>
		<AssessmentCategory>Advanced Placement</AssessmentCategory>
		<AcademicSubject>Other</AcademicSubject>
		<GradeLevelAssessed>Tenth grade</GradeLevelAssessed>
		<ContentStandard>Advanced Placement</ContentStandard>
		<Version>1</Version>
		<RevisionDate>2008-01-01</RevisionDate>
		<MaxRawScore>5</MaxRawScore>
	</Assessment>
	<Assessment>
		<AssessmentTitle>AP - French Language</AssessmentTitle>
		<AssessmentIdentificationCode IdentificationSystem="Test Contractor">
			<ID>Advanced Placement Other 11</ID>
		</AssessmentIdentificationCode>
		<AssessmentCategory>Advanced Placement</AssessmentCategory>
		<AcademicSubject>Other</AcademicSubject>
		<GradeLevelAssessed>Eleventh grade</GradeLevelAssessed>
		<ContentStandard>Advanced Placement</ContentStandard>
		<Version>1</Version>
		<RevisionDate>2008-01-01</RevisionDate>
		<MaxRawScore>5</MaxRawScore>
	</Assessment>
	<Assessment>
		<AssessmentTitle>AP - French Language</AssessmentTitle>
		<AssessmentIdentificationCode IdentificationSystem="Test Contractor">
			<ID>Advanced Placement Other 12</ID>
		</AssessmentIdentificationCode>
		<AssessmentCategory>Advanced Placement</AssessmentCategory>
		<AcademicSubject>Other</AcademicSubject>
		<GradeLevelAssessed>Twelfth grade</GradeLevelAssessed>
		<ContentStandard>Advanced Placement</ContentStandard>
		<Version>1</Version>
		<RevisionDate>2008-01-01</RevisionDate>
		<MaxRawScore>5</MaxRawScore>
	</Assessment>
	<Assessment>
		<AssessmentTitle>AP - French Literature</AssessmentTitle>
		<AssessmentIdentificationCode IdentificationSystem="Test Contractor">
			<ID>Advanced Placement Other 9</ID>
		</AssessmentIdentificationCode>
		<AssessmentCategory>Advanced Placement</AssessmentCategory>
		<AcademicSubject>Other</AcademicSubject>
		<GradeLevelAssessed>Ninth grade</GradeLevelAssessed>
		<ContentStandard>Advanced Placement</ContentStandard>
		<Version>1</Version>
		<RevisionDate>2008-01-01</RevisionDate>
		<MaxRawScore>5</MaxRawScore>
	</Assessment>
	<Assessment>
		<AssessmentTitle>AP - French Literature</AssessmentTitle>
		<AssessmentIdentificationCode IdentificationSystem="Test Contractor">
			<ID>Advanced Placement Other 10</ID>
		</AssessmentIdentificationCode>
		<AssessmentCategory>Advanced Placement</AssessmentCategory>
		<AcademicSubject>Other</AcademicSubject>
		<GradeLevelAssessed>Tenth grade</GradeLevelAssessed>
		<ContentStandard>Advanced Placement</ContentStandard>
		<Version>1</Version>
		<RevisionDate>2008-01-01</RevisionDate>
		<MaxRawScore>5</MaxRawScore>
	</Assessment>
	<Assessment>
		<AssessmentTitle>AP - French Literature</AssessmentTitle>
		<AssessmentIdentificationCode IdentificationSystem="Test Contractor">
			<ID>Advanced Placement Other 11</ID>
		</AssessmentIdentificationCode>
		<AssessmentCategory>Advanced Placement</AssessmentCategory>
		<AcademicSubject>Other</AcademicSubject>
		<GradeLevelAssessed>Eleventh grade</GradeLevelAssessed>
		<ContentStandard>Advanced Placement</ContentStandard>
		<Version>1</Version>
		<RevisionDate>2008-01-01</RevisionDate>
		<MaxRawScore>5</MaxRawScore>
	</Assessment>
	<Assessment>
		<AssessmentTitle>AP - French Literature</AssessmentTitle>
		<AssessmentIdentificationCode IdentificationSystem="Test Contractor">
			<ID>Advanced Placement Other 12</ID>
		</AssessmentIdentificationCode>
		<AssessmentCategory>Advanced Placement</AssessmentCategory>
		<AcademicSubject>Other</AcademicSubject>
		<GradeLevelAssessed>Twelfth grade</GradeLevelAssessed>
		<ContentStandard>Advanced Placement</ContentStandard>
		<Version>1</Version>
		<RevisionDate>2008-01-01</RevisionDate>
		<MaxRawScore>5</MaxRawScore>
	</Assessment>
	<Assessment>
		<AssessmentTitle>AP - Human Geography</AssessmentTitle>
		<AssessmentIdentificationCode IdentificationSystem="Test Contractor">
			<ID>Advanced Placement Social Studies 9</ID>
		</AssessmentIdentificationCode>
		<AssessmentCategory>Advanced Placement</AssessmentCategory>
		<AcademicSubject>Social Studies</AcademicSubject>
		<GradeLevelAssessed>Ninth grade</GradeLevelAssessed>
		<ContentStandard>Advanced Placement</ContentStandard>
		<Version>1</Version>
		<RevisionDate>2008-01-01</RevisionDate>
		<MaxRawScore>5</MaxRawScore>
	</Assessment>
	<Assessment>
		<AssessmentTitle>AP - Human Geography</AssessmentTitle>
		<AssessmentIdentificationCode IdentificationSystem="Test Contractor">
			<ID>Advanced Placement Social Studies 10</ID>
		</AssessmentIdentificationCode>
		<AssessmentCategory>Advanced Placement</AssessmentCategory>
		<AcademicSubject>Social Studies</AcademicSubject>
		<GradeLevelAssessed>Tenth grade</GradeLevelAssessed>
		<ContentStandard>Advanced Placement</ContentStandard>
		<Version>1</Version>
		<RevisionDate>2008-01-01</RevisionDate>
		<MaxRawScore>5</MaxRawScore>
	</Assessment>
	<Assessment>
		<AssessmentTitle>AP - Human Geography</AssessmentTitle>
		<AssessmentIdentificationCode IdentificationSystem="Test Contractor">
			<ID>Advanced Placement Social Studies 11</ID>
		</AssessmentIdentificationCode>
		<AssessmentCategory>Advanced Placement</AssessmentCategory>
		<AcademicSubject>Social Studies</AcademicSubject>
		<GradeLevelAssessed>Eleventh grade</GradeLevelAssessed>
		<ContentStandard>Advanced Placement</ContentStandard>
		<Version>1</Version>
		<RevisionDate>2008-01-01</RevisionDate>
		<MaxRawScore>5</MaxRawScore>
	</Assessment>
	<Assessment>
		<AssessmentTitle>AP - Human Geography</AssessmentTitle>
		<AssessmentIdentificationCode IdentificationSystem="Test Contractor">
			<ID>Advanced Placement Social Studies 12</ID>
		</AssessmentIdentificationCode>
		<AssessmentCategory>Advanced Placement</AssessmentCategory>
		<AcademicSubject>Social Studies</AcademicSubject>
		<GradeLevelAssessed>Twelfth grade</GradeLevelAssessed>
		<ContentStandard>Advanced Placement</ContentStandard>
		<Version>1</Version>
		<RevisionDate>2008-01-01</RevisionDate>
		<MaxRawScore>5</MaxRawScore>
	</Assessment>
	<Assessment>
		<AssessmentTitle>AP - German Language</AssessmentTitle>
		<AssessmentIdentificationCode IdentificationSystem="Test Contractor">
			<ID>Advanced Placement Other 9</ID>
		</AssessmentIdentificationCode>
		<AssessmentCategory>Advanced Placement</AssessmentCategory>
		<AcademicSubject>Other</AcademicSubject>
		<GradeLevelAssessed>Ninth grade</GradeLevelAssessed>
		<ContentStandard>Advanced Placement</ContentStandard>
		<Version>1</Version>
		<RevisionDate>2008-01-01</RevisionDate>
		<MaxRawScore>5</MaxRawScore>
	</Assessment>
	<Assessment>
		<AssessmentTitle>AP - German Language</AssessmentTitle>
		<AssessmentIdentificationCode IdentificationSystem="Test Contractor">
			<ID>Advanced Placement Other 10</ID>
		</AssessmentIdentificationCode>
		<AssessmentCategory>Advanced Placement</AssessmentCategory>
		<AcademicSubject>Other</AcademicSubject>
		<GradeLevelAssessed>Tenth grade</GradeLevelAssessed>
		<ContentStandard>Advanced Placement</ContentStandard>
		<Version>1</Version>
		<RevisionDate>2008-01-01</RevisionDate>
		<MaxRawScore>5</MaxRawScore>
	</Assessment>
	<Assessment>
		<AssessmentTitle>AP - German Language</AssessmentTitle>
		<AssessmentIdentificationCode IdentificationSystem="Test Contractor">
			<ID>Advanced Placement Other 11</ID>
		</AssessmentIdentificationCode>
		<AssessmentCategory>Advanced Placement</AssessmentCategory>
		<AcademicSubject>Other</AcademicSubject>
		<GradeLevelAssessed>Eleventh grade</GradeLevelAssessed>
		<ContentStandard>Advanced Placement</ContentStandard>
		<Version>1</Version>
		<RevisionDate>2008-01-01</RevisionDate>
		<MaxRawScore>5</MaxRawScore>
	</Assessment>
	<Assessment>
		<AssessmentTitle>AP - German Language</AssessmentTitle>
		<AssessmentIdentificationCode IdentificationSystem="Test Contractor">
			<ID>Advanced Placement Other 12</ID>
		</AssessmentIdentificationCode>
		<AssessmentCategory>Advanced Placement</AssessmentCategory>
		<AcademicSubject>Other</AcademicSubject>
		<GradeLevelAssessed>Twelfth grade</GradeLevelAssessed>
		<ContentStandard>Advanced Placement</ContentStandard>
		<Version>1</Version>
		<RevisionDate>2008-01-01</RevisionDate>
		<MaxRawScore>5</MaxRawScore>
	</Assessment>
	<Assessment>
		<AssessmentTitle>AP - Government and Politics: United States</AssessmentTitle>
		<AssessmentIdentificationCode IdentificationSystem="Test Contractor">
			<ID>Advanced Placement Social 9</ID>
		</AssessmentIdentificationCode>
		<AssessmentCategory>Advanced Placement</AssessmentCategory>
		<AcademicSubject>Social Studies</AcademicSubject>
		<GradeLevelAssessed>Ninth grade</GradeLevelAssessed>
		<ContentStandard>Advanced Placement</ContentStandard>
		<Version>1</Version>
		<RevisionDate>2008-01-01</RevisionDate>
		<MaxRawScore>5</MaxRawScore>
	</Assessment>
	<Assessment>
		<AssessmentTitle>AP - Government and Politics: United States</AssessmentTitle>
		<AssessmentIdentificationCode IdentificationSystem="Test Contractor">
			<ID>Advanced Placement Social 10</ID>
		</AssessmentIdentificationCode>
		<AssessmentCategory>Advanced Placement</AssessmentCategory>
		<AcademicSubject>Social Studies</AcademicSubject>
		<GradeLevelAssessed>Tenth grade</GradeLevelAssessed>
		<ContentStandard>Advanced Placement</ContentStandard>
		<Version>1</Version>
		<RevisionDate>2008-01-01</RevisionDate>
		<MaxRawScore>5</MaxRawScore>
	</Assessment>
	<Assessment>
		<AssessmentTitle>AP - Government and Politics: United States</AssessmentTitle>
		<AssessmentIdentificationCode IdentificationSystem="Test Contractor">
			<ID>Advanced Placement Social 11</ID>
		</AssessmentIdentificationCode>
		<AssessmentCategory>Advanced Placement</AssessmentCategory>
		<AcademicSubject>Social Studies</AcademicSubject>
		<GradeLevelAssessed>Eleventh grade</GradeLevelAssessed>
		<ContentStandard>Advanced Placement</ContentStandard>
		<Version>1</Version>
		<RevisionDate>2008-01-01</RevisionDate>
		<MaxRawScore>5</MaxRawScore>
	</Assessment>
	<Assessment>
		<AssessmentTitle>AP - Government and Politics: United States</AssessmentTitle>
		<AssessmentIdentificationCode IdentificationSystem="Test Contractor">
			<ID>Advanced Placement Social 12</ID>
		</AssessmentIdentificationCode>
		<AssessmentCategory>Advanced Placement</AssessmentCategory>
		<AcademicSubject>Social Studies</AcademicSubject>
		<GradeLevelAssessed>Twelfth grade</GradeLevelAssessed>
		<ContentStandard>Advanced Placement</ContentStandard>
		<Version>1</Version>
		<RevisionDate>2008-01-01</RevisionDate>
		<MaxRawScore>5</MaxRawScore>
	</Assessment>
	<Assessment>
		<AssessmentTitle>AP - Government and Politics: Comparative</AssessmentTitle>
		<AssessmentIdentificationCode IdentificationSystem="Test Contractor">
			<ID>Advanced Placement Social 9</ID>
		</AssessmentIdentificationCode>
		<AssessmentCategory>Advanced Placement</AssessmentCategory>
		<AcademicSubject>Social Studies</AcademicSubject>
		<GradeLevelAssessed>Ninth grade</GradeLevelAssessed>
		<ContentStandard>Advanced Placement</ContentStandard>
		<Version>1</Version>
		<RevisionDate>2008-01-01</RevisionDate>
		<MaxRawScore>5</MaxRawScore>
	</Assessment>
	<Assessment>
		<AssessmentTitle>AP - Government and Politics: Comparative</AssessmentTitle>
		<AssessmentIdentificationCode IdentificationSystem="Test Contractor">
			<ID>Advanced Placement Social 10</ID>
		</AssessmentIdentificationCode>
		<AssessmentCategory>Advanced Placement</AssessmentCategory>
		<AcademicSubject>Social Studies</AcademicSubject>
		<GradeLevelAssessed>Tenth grade</GradeLevelAssessed>
		<ContentStandard>Advanced Placement</ContentStandard>
		<Version>1</Version>
		<RevisionDate>2008-01-01</RevisionDate>
		<MaxRawScore>5</MaxRawScore>
	</Assessment>
	<Assessment>
		<AssessmentTitle>AP - Government and Politics: Comparative</AssessmentTitle>
		<AssessmentIdentificationCode IdentificationSystem="Test Contractor">
			<ID>Advanced Placement Social 11</ID>
		</AssessmentIdentificationCode>
		<AssessmentCategory>Advanced Placement</AssessmentCategory>
		<AcademicSubject>Social Studies</AcademicSubject>
		<GradeLevelAssessed>Eleventh grade</GradeLevelAssessed>
		<ContentStandard>Advanced Placement</ContentStandard>
		<Version>1</Version>
		<RevisionDate>2008-01-01</RevisionDate>
		<MaxRawScore>5</MaxRawScore>
	</Assessment>
	<Assessment>
		<AssessmentTitle>AP - Government and Politics: Comparative</AssessmentTitle>
		<AssessmentIdentificationCode IdentificationSystem="Test Contractor">
			<ID>Advanced Placement Social 12</ID>
		</AssessmentIdentificationCode>
		<AssessmentCategory>Advanced Placement</AssessmentCategory>
		<AcademicSubject>Social Studies</AcademicSubject>
		<GradeLevelAssessed>Twelfth grade</GradeLevelAssessed>
		<ContentStandard>Advanced Placement</ContentStandard>
		<Version>1</Version>
		<RevisionDate>2008-01-01</RevisionDate>
		<MaxRawScore>5</MaxRawScore>
	</Assessment>
	<Assessment>
		<AssessmentTitle>AP - Latin: Vergil</AssessmentTitle>
		<AssessmentIdentificationCode IdentificationSystem="Test Contractor">
			<ID>Advanced Placement Other 9</ID>
		</AssessmentIdentificationCode>
		<AssessmentCategory>Advanced Placement</AssessmentCategory>
		<AcademicSubject>Other</AcademicSubject>
		<GradeLevelAssessed>Ninth grade</GradeLevelAssessed>
		<ContentStandard>Advanced Placement</ContentStandard>
		<Version>1</Version>
		<RevisionDate>2008-01-01</RevisionDate>
		<MaxRawScore>5</MaxRawScore>
	</Assessment>
	<Assessment>
		<AssessmentTitle>AP - Latin: Vergil</AssessmentTitle>
		<AssessmentIdentificationCode IdentificationSystem="Test Contractor">
			<ID>Advanced Placement Other 10</ID>
		</AssessmentIdentificationCode>
		<AssessmentCategory>Advanced Placement</AssessmentCategory>
		<AcademicSubject>Other</AcademicSubject>
		<GradeLevelAssessed>Tenth grade</GradeLevelAssessed>
		<ContentStandard>Advanced Placement</ContentStandard>
		<Version>1</Version>
		<RevisionDate>2008-01-01</RevisionDate>
		<MaxRawScore>5</MaxRawScore>
	</Assessment>
	<Assessment>
		<AssessmentTitle>AP - Latin: Vergil</AssessmentTitle>
		<AssessmentIdentificationCode IdentificationSystem="Test Contractor">
			<ID>Advanced Placement Other 11</ID>
		</AssessmentIdentificationCode>
		<AssessmentCategory>Advanced Placement</AssessmentCategory>
		<AcademicSubject>Other</AcademicSubject>
		<GradeLevelAssessed>Eleventh grade</GradeLevelAssessed>
		<ContentStandard>Advanced Placement</ContentStandard>
		<Version>1</Version>
		<RevisionDate>2008-01-01</RevisionDate>
		<MaxRawScore>5</MaxRawScore>
	</Assessment>
	<Assessment>
		<AssessmentTitle>AP - Latin: Vergil</AssessmentTitle>
		<AssessmentIdentificationCode IdentificationSystem="Test Contractor">
			<ID>Advanced Placement Other 12</ID>
		</AssessmentIdentificationCode>
		<AssessmentCategory>Advanced Placement</AssessmentCategory>
		<AcademicSubject>Other</AcademicSubject>
		<GradeLevelAssessed>Twelfth grade</GradeLevelAssessed>
		<ContentStandard>Advanced Placement</ContentStandard>
		<Version>1</Version>
		<RevisionDate>2008-01-01</RevisionDate>
		<MaxRawScore>5</MaxRawScore>
	</Assessment>
	<Assessment>
		<AssessmentTitle>AP - Latin: Literature</AssessmentTitle>
		<AssessmentIdentificationCode IdentificationSystem="Test Contractor">
			<ID>Advanced Placement Other 9</ID>
		</AssessmentIdentificationCode>
		<AssessmentCategory>Advanced Placement</AssessmentCategory>
		<AcademicSubject>Other</AcademicSubject>
		<GradeLevelAssessed>Ninth grade</GradeLevelAssessed>
		<ContentStandard>Advanced Placement</ContentStandard>
		<Version>1</Version>
		<RevisionDate>2008-01-01</RevisionDate>
		<MaxRawScore>5</MaxRawScore>
	</Assessment>
	<Assessment>
		<AssessmentTitle>AP - Latin: Literature</AssessmentTitle>
		<AssessmentIdentificationCode IdentificationSystem="Test Contractor">
			<ID>Advanced Placement Other 10</ID>
		</AssessmentIdentificationCode>
		<AssessmentCategory>Advanced Placement</AssessmentCategory>
		<AcademicSubject>Other</AcademicSubject>
		<GradeLevelAssessed>Tenth grade</GradeLevelAssessed>
		<ContentStandard>Advanced Placement</ContentStandard>
		<Version>1</Version>
		<RevisionDate>2008-01-01</RevisionDate>
		<MaxRawScore>5</MaxRawScore>
	</Assessment>
	<Assessment>
		<AssessmentTitle>AP - Latin: Literature</AssessmentTitle>
		<AssessmentIdentificationCode IdentificationSystem="Test Contractor">
			<ID>Advanced Placement Other 11</ID>
		</AssessmentIdentificationCode>
		<AssessmentCategory>Advanced Placement</AssessmentCategory>
		<AcademicSubject>Other</AcademicSubject>
		<GradeLevelAssessed>Eleventh grade</GradeLevelAssessed>
		<ContentStandard>Advanced Placement</ContentStandard>
		<Version>1</Version>
		<RevisionDate>2008-01-01</RevisionDate>
		<MaxRawScore>5</MaxRawScore>
	</Assessment>
	<Assessment>
		<AssessmentTitle>AP - Latin: Literature</AssessmentTitle>
		<AssessmentIdentificationCode IdentificationSystem="Test Contractor">
			<ID>Advanced Placement Other 12</ID>
		</AssessmentIdentificationCode>
		<AssessmentCategory>Advanced Placement</AssessmentCategory>
		<AcademicSubject>Other</AcademicSubject>
		<GradeLevelAssessed>Twelfth grade</GradeLevelAssessed>
		<ContentStandard>Advanced Placement</ContentStandard>
		<Version>1</Version>
		<RevisionDate>2008-01-01</RevisionDate>
		<MaxRawScore>5</MaxRawScore>
	</Assessment>
	<Assessment>
		<AssessmentTitle>AP - Italian Language and Culture</AssessmentTitle>
		<AssessmentIdentificationCode IdentificationSystem="Test Contractor">
			<ID>Advanced Placement Other 9</ID>
		</AssessmentIdentificationCode>
		<AssessmentCategory>Advanced Placement</AssessmentCategory>
		<AcademicSubject>Other</AcademicSubject>
		<GradeLevelAssessed>Ninth grade</GradeLevelAssessed>
		<ContentStandard>Advanced Placement</ContentStandard>
		<Version>1</Version>
		<RevisionDate>2008-01-01</RevisionDate>
		<MaxRawScore>5</MaxRawScore>
	</Assessment>
	<Assessment>
		<AssessmentTitle>AP - Italian Language and Culture</AssessmentTitle>
		<AssessmentIdentificationCode IdentificationSystem="Test Contractor">
			<ID>Advanced Placement Other 10</ID>
		</AssessmentIdentificationCode>
		<AssessmentCategory>Advanced Placement</AssessmentCategory>
		<AcademicSubject>Other</AcademicSubject>
		<GradeLevelAssessed>Tenth grade</GradeLevelAssessed>
		<ContentStandard>Advanced Placement</ContentStandard>
		<Version>1</Version>
		<RevisionDate>2008-01-01</RevisionDate>
		<MaxRawScore>5</MaxRawScore>
	</Assessment>
	<Assessment>
		<AssessmentTitle>AP - Italian Language and Culture</AssessmentTitle>
		<AssessmentIdentificationCode IdentificationSystem="Test Contractor">
			<ID>Advanced Placement Other 11</ID>
		</AssessmentIdentificationCode>
		<AssessmentCategory>Advanced Placement</AssessmentCategory>
		<AcademicSubject>Other</AcademicSubject>
		<GradeLevelAssessed>Eleventh grade</GradeLevelAssessed>
		<ContentStandard>Advanced Placement</ContentStandard>
		<Version>1</Version>
		<RevisionDate>2008-01-01</RevisionDate>
		<MaxRawScore>5</MaxRawScore>
	</Assessment>
	<Assessment>
		<AssessmentTitle>AP - Italian Language and Culture</AssessmentTitle>
		<AssessmentIdentificationCode IdentificationSystem="Test Contractor">
			<ID>Advanced Placement Other 12</ID>
		</AssessmentIdentificationCode>
		<AssessmentCategory>Advanced Placement</AssessmentCategory>
		<AcademicSubject>Other</AcademicSubject>
		<GradeLevelAssessed>Twelfth grade</GradeLevelAssessed>
		<ContentStandard>Advanced Placement</ContentStandard>
		<Version>1</Version>
		<RevisionDate>2008-01-01</RevisionDate>
		<MaxRawScore>5</MaxRawScore>
	</Assessment>
	<Assessment>
		<AssessmentTitle>AP - Japanese Language and Culture</AssessmentTitle>
		<AssessmentIdentificationCode IdentificationSystem="Test Contractor">
			<ID>Advanced Placement Other 9</ID>
		</AssessmentIdentificationCode>
		<AssessmentCategory>Advanced Placement</AssessmentCategory>
		<AcademicSubject>Other</AcademicSubject>
		<GradeLevelAssessed>Ninth grade</GradeLevelAssessed>
		<ContentStandard>Advanced Placement</ContentStandard>
		<Version>1</Version>
		<RevisionDate>2008-01-01</RevisionDate>
		<MaxRawScore>5</MaxRawScore>
	</Assessment>
	<Assessment>
		<AssessmentTitle>AP - Japanese Language and Culture</AssessmentTitle>
		<AssessmentIdentificationCode IdentificationSystem="Test Contractor">
			<ID>Advanced Placement Other 10</ID>
		</AssessmentIdentificationCode>
		<AssessmentCategory>Advanced Placement</AssessmentCategory>
		<AcademicSubject>Other</AcademicSubject>
		<GradeLevelAssessed>Tenth grade</GradeLevelAssessed>
		<ContentStandard>Advanced Placement</ContentStandard>
		<Version>1</Version>
		<RevisionDate>2008-01-01</RevisionDate>
		<MaxRawScore>5</MaxRawScore>
	</Assessment>
	<Assessment>
		<AssessmentTitle>AP - Japanese Language and Culture</AssessmentTitle>
		<AssessmentIdentificationCode IdentificationSystem="Test Contractor">
			<ID>Advanced Placement Other 11</ID>
		</AssessmentIdentificationCode>
		<AssessmentCategory>Advanced Placement</AssessmentCategory>
		<AcademicSubject>Other</AcademicSubject>
		<GradeLevelAssessed>Eleventh grade</GradeLevelAssessed>
		<ContentStandard>Advanced Placement</ContentStandard>
		<Version>1</Version>
		<RevisionDate>2008-01-01</RevisionDate>
		<MaxRawScore>5</MaxRawScore>
	</Assessment>
	<Assessment>
		<AssessmentTitle>AP - Japanese Language and Culture</AssessmentTitle>
		<AssessmentIdentificationCode IdentificationSystem="Test Contractor">
			<ID>Advanced Placement Other 12</ID>
		</AssessmentIdentificationCode>
		<AssessmentCategory>Advanced Placement</AssessmentCategory>
		<AcademicSubject>Other</AcademicSubject>
		<GradeLevelAssessed>Twelfth grade</GradeLevelAssessed>
		<ContentStandard>Advanced Placement</ContentStandard>
		<Version>1</Version>
		<RevisionDate>2008-01-01</RevisionDate>
		<MaxRawScore>5</MaxRawScore>
	</Assessment>
	<Assessment>
		<AssessmentTitle>AP - Calculus AB</AssessmentTitle>
		<AssessmentIdentificationCode IdentificationSystem="Test Contractor">
			<ID>Advanced Placement Mathematics 9</ID>
		</AssessmentIdentificationCode>
		<AssessmentCategory>Advanced Placement</AssessmentCategory>
		<AcademicSubject>Mathematics</AcademicSubject>
		<GradeLevelAssessed>Ninth grade</GradeLevelAssessed>
		<ContentStandard>Advanced Placement</ContentStandard>
		<Version>1</Version>
		<RevisionDate>2008-01-01</RevisionDate>
		<MaxRawScore>5</MaxRawScore>
	</Assessment>
	<Assessment>
		<AssessmentTitle>AP - Calculus AB</AssessmentTitle>
		<AssessmentIdentificationCode IdentificationSystem="Test Contractor">
			<ID>Advanced Placement Mathematics 10</ID>
		</AssessmentIdentificationCode>
		<AssessmentCategory>Advanced Placement</AssessmentCategory>
		<AcademicSubject>Mathematics</AcademicSubject>
		<GradeLevelAssessed>Tenth grade</GradeLevelAssessed>
		<ContentStandard>Advanced Placement</ContentStandard>
		<Version>1</Version>
		<RevisionDate>2008-01-01</RevisionDate>
		<MaxRawScore>5</MaxRawScore>
	</Assessment>
	<Assessment>
		<AssessmentTitle>AP - Calculus AB</AssessmentTitle>
		<AssessmentIdentificationCode IdentificationSystem="Test Contractor">
			<ID>Advanced Placement Mathematics 11</ID>
		</AssessmentIdentificationCode>
		<AssessmentCategory>Advanced Placement</AssessmentCategory>
		<AcademicSubject>Mathematics</AcademicSubject>
		<GradeLevelAssessed>Eleventh grade</GradeLevelAssessed>
		<ContentStandard>Advanced Placement</ContentStandard>
		<Version>1</Version>
		<RevisionDate>2008-01-01</RevisionDate>
		<MaxRawScore>5</MaxRawScore>
	</Assessment>
	<Assessment>
		<AssessmentTitle>AP - Calculus AB</AssessmentTitle>
		<AssessmentIdentificationCode IdentificationSystem="Test Contractor">
			<ID>Advanced Placement Mathematics 12</ID>
		</AssessmentIdentificationCode>
		<AssessmentCategory>Advanced Placement</AssessmentCategory>
		<AcademicSubject>Mathematics</AcademicSubject>
		<GradeLevelAssessed>Twelfth grade</GradeLevelAssessed>
		<ContentStandard>Advanced Placement</ContentStandard>
		<Version>1</Version>
		<RevisionDate>2008-01-01</RevisionDate>
		<MaxRawScore>5</MaxRawScore>
	</Assessment>
	<Assessment>
		<AssessmentTitle>AP - Calculus AB Subscore</AssessmentTitle>
		<AssessmentIdentificationCode IdentificationSystem="Test Contractor">
			<ID>Advanced Placement Mathematics 9</ID>
		</AssessmentIdentificationCode>
		<AssessmentCategory>Advanced Placement</AssessmentCategory>
		<AcademicSubject>Mathematics</AcademicSubject>
		<GradeLevelAssessed>Ninth grade</GradeLevelAssessed>
		<ContentStandard>Advanced Placement</ContentStandard>
		<Version>1</Version>
		<RevisionDate>2008-01-01</RevisionDate>
		<MaxRawScore>5</MaxRawScore>
	</Assessment>
	<Assessment>
		<AssessmentTitle>AP - Calculus AB Subscore</AssessmentTitle>
		<AssessmentIdentificationCode IdentificationSystem="Test Contractor">
			<ID>Advanced Placement Mathematics 10</ID>
		</AssessmentIdentificationCode>
		<AssessmentCategory>Advanced Placement</AssessmentCategory>
		<AcademicSubject>Mathematics</AcademicSubject>
		<GradeLevelAssessed>Tenth grade</GradeLevelAssessed>
		<ContentStandard>Advanced Placement</ContentStandard>
		<Version>1</Version>
		<RevisionDate>2008-01-01</RevisionDate>
		<MaxRawScore>5</MaxRawScore>
	</Assessment>
	<Assessment>
		<AssessmentTitle>AP - Calculus AB Subscore</AssessmentTitle>
		<AssessmentIdentificationCode IdentificationSystem="Test Contractor">
			<ID>Advanced Placement Mathematics 11</ID>
		</AssessmentIdentificationCode>
		<AssessmentCategory>Advanced Placement</AssessmentCategory>
		<AcademicSubject>Mathematics</AcademicSubject>
		<GradeLevelAssessed>Eleventh grade</GradeLevelAssessed>
		<ContentStandard>Advanced Placement</ContentStandard>
		<Version>1</Version>
		<RevisionDate>2008-01-01</RevisionDate>
		<MaxRawScore>5</MaxRawScore>
	</Assessment>
	<Assessment>
		<AssessmentTitle>AP - Calculus AB Subscore</AssessmentTitle>
		<AssessmentIdentificationCode IdentificationSystem="Test Contractor">
			<ID>Advanced Placement Mathematics 12</ID>
		</AssessmentIdentificationCode>
		<AssessmentCategory>Advanced Placement</AssessmentCategory>
		<AcademicSubject>Mathematics</AcademicSubject>
		<GradeLevelAssessed>Twelfth grade</GradeLevelAssessed>
		<ContentStandard>Advanced Placement</ContentStandard>
		<Version>1</Version>
		<RevisionDate>2008-01-01</RevisionDate>
		<MaxRawScore>5</MaxRawScore>
	</Assessment>
	<Assessment>
		<AssessmentTitle>AP - Calculus BC</AssessmentTitle>
		<AssessmentIdentificationCode IdentificationSystem="Test Contractor">
			<ID>Advanced Placement Mathematics 9</ID>
		</AssessmentIdentificationCode>
		<AssessmentCategory>Advanced Placement</AssessmentCategory>
		<AcademicSubject>Mathematics</AcademicSubject>
		<GradeLevelAssessed>Ninth grade</GradeLevelAssessed>
		<ContentStandard>Advanced Placement</ContentStandard>
		<Version>1</Version>
		<RevisionDate>2008-01-01</RevisionDate>
		<MaxRawScore>5</MaxRawScore>
	</Assessment>
	<Assessment>
		<AssessmentTitle>AP - Calculus BC</AssessmentTitle>
		<AssessmentIdentificationCode IdentificationSystem="Test Contractor">
			<ID>Advanced Placement Mathematics 10</ID>
		</AssessmentIdentificationCode>
		<AssessmentCategory>Advanced Placement</AssessmentCategory>
		<AcademicSubject>Mathematics</AcademicSubject>
		<GradeLevelAssessed>Tenth grade</GradeLevelAssessed>
		<ContentStandard>Advanced Placement</ContentStandard>
		<Version>1</Version>
		<RevisionDate>2008-01-01</RevisionDate>
		<MaxRawScore>5</MaxRawScore>
	</Assessment>
	<Assessment>
		<AssessmentTitle>AP - Calculus BC</AssessmentTitle>
		<AssessmentIdentificationCode IdentificationSystem="Test Contractor">
			<ID>Advanced Placement Mathematics 11</ID>
		</AssessmentIdentificationCode>
		<AssessmentCategory>Advanced Placement</AssessmentCategory>
		<AcademicSubject>Mathematics</AcademicSubject>
		<GradeLevelAssessed>Eleventh grade</GradeLevelAssessed>
		<ContentStandard>Advanced Placement</ContentStandard>
		<Version>1</Version>
		<RevisionDate>2008-01-01</RevisionDate>
		<MaxRawScore>5</MaxRawScore>
	</Assessment>
	<Assessment>
		<AssessmentTitle>AP - Calculus BC</AssessmentTitle>
		<AssessmentIdentificationCode IdentificationSystem="Test Contractor">
			<ID>Advanced Placement Mathematics 12</ID>
		</AssessmentIdentificationCode>
		<AssessmentCategory>Advanced Placement</AssessmentCategory>
		<AcademicSubject>Mathematics</AcademicSubject>
		<GradeLevelAssessed>Twelfth grade</GradeLevelAssessed>
		<ContentStandard>Advanced Placement</ContentStandard>
		<Version>1</Version>
		<RevisionDate>2008-01-01</RevisionDate>
		<MaxRawScore>5</MaxRawScore>
	</Assessment>
	<Assessment>
		<AssessmentTitle>AP - Music Theory</AssessmentTitle>
		<AssessmentIdentificationCode IdentificationSystem="Test Contractor">
			<ID>Advanced Placement Other 9</ID>
		</AssessmentIdentificationCode>
		<AssessmentCategory>Advanced Placement</AssessmentCategory>
		<AcademicSubject>Other</AcademicSubject>
		<GradeLevelAssessed>Ninth grade</GradeLevelAssessed>
		<ContentStandard>Advanced Placement</ContentStandard>
		<Version>1</Version>
		<RevisionDate>2008-01-01</RevisionDate>
		<MaxRawScore>5</MaxRawScore>
	</Assessment>
	<Assessment>
		<AssessmentTitle>AP - Music Theory</AssessmentTitle>
		<AssessmentIdentificationCode IdentificationSystem="Test Contractor">
			<ID>Advanced Placement Other 10</ID>
		</AssessmentIdentificationCode>
		<AssessmentCategory>Advanced Placement</AssessmentCategory>
		<AcademicSubject>Other</AcademicSubject>
		<GradeLevelAssessed>Tenth grade</GradeLevelAssessed>
		<ContentStandard>Advanced Placement</ContentStandard>
		<Version>1</Version>
		<RevisionDate>2008-01-01</RevisionDate>
		<MaxRawScore>5</MaxRawScore>
	</Assessment>
	<Assessment>
		<AssessmentTitle>AP - Music Theory</AssessmentTitle>
		<AssessmentIdentificationCode IdentificationSystem="Test Contractor">
			<ID>Advanced Placement Other 11</ID>
		</AssessmentIdentificationCode>
		<AssessmentCategory>Advanced Placement</AssessmentCategory>
		<AcademicSubject>Other</AcademicSubject>
		<GradeLevelAssessed>Eleventh grade</GradeLevelAssessed>
		<ContentStandard>Advanced Placement</ContentStandard>
		<Version>1</Version>
		<RevisionDate>2008-01-01</RevisionDate>
		<MaxRawScore>5</MaxRawScore>
	</Assessment>
	<Assessment>
		<AssessmentTitle>AP - Music Theory</AssessmentTitle>
		<AssessmentIdentificationCode IdentificationSystem="Test Contractor">
			<ID>Advanced Placement Other 12</ID>
		</AssessmentIdentificationCode>
		<AssessmentCategory>Advanced Placement</AssessmentCategory>
		<AcademicSubject>Other</AcademicSubject>
		<GradeLevelAssessed>Twelfth grade</GradeLevelAssessed>
		<ContentStandard>Advanced Placement</ContentStandard>
		<Version>1</Version>
		<RevisionDate>2008-01-01</RevisionDate>
		<MaxRawScore>5</MaxRawScore>
	</Assessment>
	<Assessment>
		<AssessmentTitle>AP - Music Theory: Aural Subscore</AssessmentTitle>
		<AssessmentIdentificationCode IdentificationSystem="Test Contractor">
			<ID>Advanced Placement Other 9</ID>
		</AssessmentIdentificationCode>
		<AssessmentCategory>Advanced Placement</AssessmentCategory>
		<AcademicSubject>Other</AcademicSubject>
		<GradeLevelAssessed>Ninth grade</GradeLevelAssessed>
		<ContentStandard>Advanced Placement</ContentStandard>
		<Version>1</Version>
		<RevisionDate>2008-01-01</RevisionDate>
		<MaxRawScore>5</MaxRawScore>
	</Assessment>
	<Assessment>
		<AssessmentTitle>AP - Music Theory: Aural Subscore</AssessmentTitle>
		<AssessmentIdentificationCode IdentificationSystem="Test Contractor">
			<ID>Advanced Placement Other 10</ID>
		</AssessmentIdentificationCode>
		<AssessmentCategory>Advanced Placement</AssessmentCategory>
		<AcademicSubject>Other</AcademicSubject>
		<GradeLevelAssessed>Tenth grade</GradeLevelAssessed>
		<ContentStandard>Advanced Placement</ContentStandard>
		<Version>1</Version>
		<RevisionDate>2008-01-01</RevisionDate>
		<MaxRawScore>5</MaxRawScore>
	</Assessment>
	<Assessment>
		<AssessmentTitle>AP - Music Theory: Aural Subscore</AssessmentTitle>
		<AssessmentIdentificationCode IdentificationSystem="Test Contractor">
			<ID>Advanced Placement Other 11</ID>
		</AssessmentIdentificationCode>
		<AssessmentCategory>Advanced Placement</AssessmentCategory>
		<AcademicSubject>Other</AcademicSubject>
		<GradeLevelAssessed>Eleventh grade</GradeLevelAssessed>
		<ContentStandard>Advanced Placement</ContentStandard>
		<Version>1</Version>
		<RevisionDate>2008-01-01</RevisionDate>
		<MaxRawScore>5</MaxRawScore>
	</Assessment>
	<Assessment>
		<AssessmentTitle>AP - Music Theory: Aural Subscore</AssessmentTitle>
		<AssessmentIdentificationCode IdentificationSystem="Test Contractor">
			<ID>Advanced Placement Other 12</ID>
		</AssessmentIdentificationCode>
		<AssessmentCategory>Advanced Placement</AssessmentCategory>
		<AcademicSubject>Other</AcademicSubject>
		<GradeLevelAssessed>Twelfth grade</GradeLevelAssessed>
		<ContentStandard>Advanced Placement</ContentStandard>
		<Version>1</Version>
		<RevisionDate>2008-01-01</RevisionDate>
		<MaxRawScore>5</MaxRawScore>
	</Assessment>
	<Assessment>
		<AssessmentTitle>AP - Music Theory: Nonaural Subscore</AssessmentTitle>
		<AssessmentIdentificationCode IdentificationSystem="Test Contractor">
			<ID>Advanced Placement Other 9</ID>
		</AssessmentIdentificationCode>
		<AssessmentCategory>Advanced Placement</AssessmentCategory>
		<AcademicSubject>Other</AcademicSubject>
		<GradeLevelAssessed>Ninth grade</GradeLevelAssessed>
		<ContentStandard>Advanced Placement</ContentStandard>
		<Version>1</Version>
		<RevisionDate>2008-01-01</RevisionDate>
		<MaxRawScore>5</MaxRawScore>
	</Assessment>
	<Assessment>
		<AssessmentTitle>AP - Music Theory: Nonaural Subscore</AssessmentTitle>
		<AssessmentIdentificationCode IdentificationSystem="Test Contractor">
			<ID>Advanced Placement Other 10</ID>
		</AssessmentIdentificationCode>
		<AssessmentCategory>Advanced Placement</AssessmentCategory>
		<AcademicSubject>Other</AcademicSubject>
		<GradeLevelAssessed>Tenth grade</GradeLevelAssessed>
		<ContentStandard>Advanced Placement</ContentStandard>
		<Version>1</Version>
		<RevisionDate>2008-01-01</RevisionDate>
		<MaxRawScore>5</MaxRawScore>
	</Assessment>
	<Assessment>
		<AssessmentTitle>AP - Music Theory: Nonaural Subscore</AssessmentTitle>
		<AssessmentIdentificationCode IdentificationSystem="Test Contractor">
			<ID>Advanced Placement Other 11</ID>
		</AssessmentIdentificationCode>
		<AssessmentCategory>Advanced Placement</AssessmentCategory>
		<AcademicSubject>Other</AcademicSubject>
		<GradeLevelAssessed>Eleventh grade</GradeLevelAssessed>
		<ContentStandard>Advanced Placement</ContentStandard>
		<Version>1</Version>
		<RevisionDate>2008-01-01</RevisionDate>
		<MaxRawScore>5</MaxRawScore>
	</Assessment>
	<Assessment>
		<AssessmentTitle>AP - Music Theory: Nonaural Subscore</AssessmentTitle>
		<AssessmentIdentificationCode IdentificationSystem="Test Contractor">
			<ID>Advanced Placement Other 12</ID>
		</AssessmentIdentificationCode>
		<AssessmentCategory>Advanced Placement</AssessmentCategory>
		<AcademicSubject>Other</AcademicSubject>
		<GradeLevelAssessed>Twelfth grade</GradeLevelAssessed>
		<ContentStandard>Advanced Placement</ContentStandard>
		<Version>1</Version>
		<RevisionDate>2008-01-01</RevisionDate>
		<MaxRawScore>5</MaxRawScore>
	</Assessment>
	<Assessment>
		<AssessmentTitle>AP - Physics B</AssessmentTitle>
		<AssessmentIdentificationCode IdentificationSystem="Test Contractor">
			<ID>Advanced Placement Science 9</ID>
		</AssessmentIdentificationCode>
		<AssessmentCategory>Advanced Placement</AssessmentCategory>
		<AcademicSubject>Science</AcademicSubject>
		<GradeLevelAssessed>Ninth grade</GradeLevelAssessed>
		<ContentStandard>Advanced Placement</ContentStandard>
		<Version>1</Version>
		<RevisionDate>2008-01-01</RevisionDate>
		<MaxRawScore>5</MaxRawScore>
	</Assessment>
	<Assessment>
		<AssessmentTitle>AP - Physics B</AssessmentTitle>
		<AssessmentIdentificationCode IdentificationSystem="Test Contractor">
			<ID>Advanced Placement Science 10</ID>
		</AssessmentIdentificationCode>
		<AssessmentCategory>Advanced Placement</AssessmentCategory>
		<AcademicSubject>Science</AcademicSubject>
		<GradeLevelAssessed>Tenth grade</GradeLevelAssessed>
		<ContentStandard>Advanced Placement</ContentStandard>
		<Version>1</Version>
		<RevisionDate>2008-01-01</RevisionDate>
		<MaxRawScore>5</MaxRawScore>
	</Assessment>
	<Assessment>
		<AssessmentTitle>AP - Physics B</AssessmentTitle>
		<AssessmentIdentificationCode IdentificationSystem="Test Contractor">
			<ID>Advanced Placement Science 11</ID>
		</AssessmentIdentificationCode>
		<AssessmentCategory>Advanced Placement</AssessmentCategory>
		<AcademicSubject>Science</AcademicSubject>
		<GradeLevelAssessed>Eleventh grade</GradeLevelAssessed>
		<ContentStandard>Advanced Placement</ContentStandard>
		<Version>1</Version>
		<RevisionDate>2008-01-01</RevisionDate>
		<MaxRawScore>5</MaxRawScore>
	</Assessment>
	<Assessment>
		<AssessmentTitle>AP - Physics B</AssessmentTitle>
		<AssessmentIdentificationCode IdentificationSystem="Test Contractor">
			<ID>Advanced Placement Science 12</ID>
		</AssessmentIdentificationCode>
		<AssessmentCategory>Advanced Placement</AssessmentCategory>
		<AcademicSubject>Science</AcademicSubject>
		<GradeLevelAssessed>Twelfth grade</GradeLevelAssessed>
		<ContentStandard>Advanced Placement</ContentStandard>
		<Version>1</Version>
		<RevisionDate>2008-01-01</RevisionDate>
		<MaxRawScore>5</MaxRawScore>
	</Assessment>
	<Assessment>
		<AssessmentTitle>AP - Physics C Mechanics</AssessmentTitle>
		<AssessmentIdentificationCode IdentificationSystem="Test Contractor">
			<ID>Advanced Placement Science 9</ID>
		</AssessmentIdentificationCode>
		<AssessmentCategory>Advanced Placement</AssessmentCategory>
		<AcademicSubject>Science</AcademicSubject>
		<GradeLevelAssessed>Ninth grade</GradeLevelAssessed>
		<ContentStandard>Advanced Placement</ContentStandard>
		<Version>1</Version>
		<RevisionDate>2008-01-01</RevisionDate>
		<MaxRawScore>5</MaxRawScore>
	</Assessment>
	<Assessment>
		<AssessmentTitle>AP - Physics C Mechanics</AssessmentTitle>
		<AssessmentIdentificationCode IdentificationSystem="Test Contractor">
			<ID>Advanced Placement Science 10</ID>
		</AssessmentIdentificationCode>
		<AssessmentCategory>Advanced Placement</AssessmentCategory>
		<AcademicSubject>Science</AcademicSubject>
		<GradeLevelAssessed>Tenth grade</GradeLevelAssessed>
		<ContentStandard>Advanced Placement</ContentStandard>
		<Version>1</Version>
		<RevisionDate>2008-01-01</RevisionDate>
		<MaxRawScore>5</MaxRawScore>
	</Assessment>
	<Assessment>
		<AssessmentTitle>AP - Physics C Mechanics</AssessmentTitle>
		<AssessmentIdentificationCode IdentificationSystem="Test Contractor">
			<ID>Advanced Placement Science 11</ID>
		</AssessmentIdentificationCode>
		<AssessmentCategory>Advanced Placement</AssessmentCategory>
		<AcademicSubject>Science</AcademicSubject>
		<GradeLevelAssessed>Eleventh grade</GradeLevelAssessed>
		<ContentStandard>Advanced Placement</ContentStandard>
		<Version>1</Version>
		<RevisionDate>2008-01-01</RevisionDate>
		<MaxRawScore>5</MaxRawScore>
	</Assessment>
	<Assessment>
		<AssessmentTitle>AP - Physics C Mechanics</AssessmentTitle>
		<AssessmentIdentificationCode IdentificationSystem="Test Contractor">
			<ID>Advanced Placement Science 12</ID>
		</AssessmentIdentificationCode>
		<AssessmentCategory>Advanced Placement</AssessmentCategory>
		<AcademicSubject>Science</AcademicSubject>
		<GradeLevelAssessed>Twelfth grade</GradeLevelAssessed>
		<ContentStandard>Advanced Placement</ContentStandard>
		<Version>1</Version>
		<RevisionDate>2008-01-01</RevisionDate>
		<MaxRawScore>5</MaxRawScore>
	</Assessment>
	<Assessment>
		<AssessmentTitle>AP - Physics C Electricity and Magnetism</AssessmentTitle>
		<AssessmentIdentificationCode IdentificationSystem="Test Contractor">
			<ID>Advanced Placement Science 9</ID>
		</AssessmentIdentificationCode>
		<AssessmentCategory>Advanced Placement</AssessmentCategory>
		<AcademicSubject>Science</AcademicSubject>
		<GradeLevelAssessed>Ninth grade</GradeLevelAssessed>
		<ContentStandard>Advanced Placement</ContentStandard>
		<Version>1</Version>
		<RevisionDate>2008-01-01</RevisionDate>
		<MaxRawScore>5</MaxRawScore>
	</Assessment>
	<Assessment>
		<AssessmentTitle>AP - Physics C Electricity and Magnetism</AssessmentTitle>
		<AssessmentIdentificationCode IdentificationSystem="Test Contractor">
			<ID>Advanced Placement Science 10</ID>
		</AssessmentIdentificationCode>
		<AssessmentCategory>Advanced Placement</AssessmentCategory>
		<AcademicSubject>Science</AcademicSubject>
		<GradeLevelAssessed>Tenth grade</GradeLevelAssessed>
		<ContentStandard>Advanced Placement</ContentStandard>
		<Version>1</Version>
		<RevisionDate>2008-01-01</RevisionDate>
		<MaxRawScore>5</MaxRawScore>
	</Assessment>
	<Assessment>
		<AssessmentTitle>AP - Physics C Electricity and Magnetism</AssessmentTitle>
		<AssessmentIdentificationCode IdentificationSystem="Test Contractor">
			<ID>Advanced Placement Science 11</ID>
		</AssessmentIdentificationCode>
		<AssessmentCategory>Advanced Placement</AssessmentCategory>
		<AcademicSubject>Science</AcademicSubject>
		<GradeLevelAssessed>Eleventh grade</GradeLevelAssessed>
		<ContentStandard>Advanced Placement</ContentStandard>
		<Version>1</Version>
		<RevisionDate>2008-01-01</RevisionDate>
		<MaxRawScore>5</MaxRawScore>
	</Assessment>
	<Assessment>
		<AssessmentTitle>AP - Physics C Electricity and Magnetism</AssessmentTitle>
		<AssessmentIdentificationCode IdentificationSystem="Test Contractor">
			<ID>Advanced Placement Science 12</ID>
		</AssessmentIdentificationCode>
		<AssessmentCategory>Advanced Placement</AssessmentCategory>
		<AcademicSubject>Science</AcademicSubject>
		<GradeLevelAssessed>Twelfth grade</GradeLevelAssessed>
		<ContentStandard>Advanced Placement</ContentStandard>
		<Version>1</Version>
		<RevisionDate>2008-01-01</RevisionDate>
		<MaxRawScore>5</MaxRawScore>
	</Assessment>
	<Assessment>
		<AssessmentTitle>AP - Psychology</AssessmentTitle>
		<AssessmentIdentificationCode IdentificationSystem="Test Contractor">
			<ID>Advanced Placement Social 9</ID>
		</AssessmentIdentificationCode>
		<AssessmentCategory>Advanced Placement</AssessmentCategory>
		<AcademicSubject>Social Studies</AcademicSubject>
		<GradeLevelAssessed>Ninth grade</GradeLevelAssessed>
		<ContentStandard>Advanced Placement</ContentStandard>
		<Version>1</Version>
		<RevisionDate>2008-01-01</RevisionDate>
		<MaxRawScore>5</MaxRawScore>
	</Assessment>
	<Assessment>
		<AssessmentTitle>AP - Psychology</AssessmentTitle>
		<AssessmentIdentificationCode IdentificationSystem="Test Contractor">
			<ID>Advanced Placement Social 10</ID>
		</AssessmentIdentificationCode>
		<AssessmentCategory>Advanced Placement</AssessmentCategory>
		<AcademicSubject>Social Studies</AcademicSubject>
		<GradeLevelAssessed>Tenth grade</GradeLevelAssessed>
		<ContentStandard>Advanced Placement</ContentStandard>
		<Version>1</Version>
		<RevisionDate>2008-01-01</RevisionDate>
		<MaxRawScore>5</MaxRawScore>
	</Assessment>
	<Assessment>
		<AssessmentTitle>AP - Psychology</AssessmentTitle>
		<AssessmentIdentificationCode IdentificationSystem="Test Contractor">
			<ID>Advanced Placement Social 11</ID>
		</AssessmentIdentificationCode>
		<AssessmentCategory>Advanced Placement</AssessmentCategory>
		<AcademicSubject>Social Studies</AcademicSubject>
		<GradeLevelAssessed>Eleventh grade</GradeLevelAssessed>
		<ContentStandard>Advanced Placement</ContentStandard>
		<Version>1</Version>
		<RevisionDate>2008-01-01</RevisionDate>
		<MaxRawScore>5</MaxRawScore>
	</Assessment>
	<Assessment>
		<AssessmentTitle>AP - Psychology</AssessmentTitle>
		<AssessmentIdentificationCode IdentificationSystem="Test Contractor">
			<ID>Advanced Placement Social 12</ID>
		</AssessmentIdentificationCode>
		<AssessmentCategory>Advanced Placement</AssessmentCategory>
		<AcademicSubject>Social Studies</AcademicSubject>
		<GradeLevelAssessed>Twelfth grade</GradeLevelAssessed>
		<ContentStandard>Advanced Placement</ContentStandard>
		<Version>1</Version>
		<RevisionDate>2008-01-01</RevisionDate>
		<MaxRawScore>5</MaxRawScore>
	</Assessment>
	<Assessment>
		<AssessmentTitle>AP - Spanish Language </AssessmentTitle>
		<AssessmentIdentificationCode IdentificationSystem="Test Contractor">
			<ID>Advanced Placement Other 9</ID>
		</AssessmentIdentificationCode>
		<AssessmentCategory>Advanced Placement</AssessmentCategory>
		<AcademicSubject>Other</AcademicSubject>
		<GradeLevelAssessed>Ninth grade</GradeLevelAssessed>
		<ContentStandard>Advanced Placement</ContentStandard>
		<Version>1</Version>
		<RevisionDate>2008-01-01</RevisionDate>
		<MaxRawScore>5</MaxRawScore>
	</Assessment>
	<Assessment>
		<AssessmentTitle>AP - Spanish Language</AssessmentTitle>
		<AssessmentIdentificationCode IdentificationSystem="Test Contractor">
			<ID>Advanced Placement Other 10</ID>
		</AssessmentIdentificationCode>
		<AssessmentCategory>Advanced Placement</AssessmentCategory>
		<AcademicSubject>Other</AcademicSubject>
		<GradeLevelAssessed>Tenth grade</GradeLevelAssessed>
		<ContentStandard>Advanced Placement</ContentStandard>
		<Version>1</Version>
		<RevisionDate>2008-01-01</RevisionDate>
		<MaxRawScore>5</MaxRawScore>
	</Assessment>
	<Assessment>
		<AssessmentTitle>AP - Spanish Language</AssessmentTitle>
		<AssessmentIdentificationCode IdentificationSystem="Test Contractor">
			<ID>Advanced Placement Other 11</ID>
		</AssessmentIdentificationCode>
		<AssessmentCategory>Advanced Placement</AssessmentCategory>
		<AcademicSubject>Other</AcademicSubject>
		<GradeLevelAssessed>Eleventh grade</GradeLevelAssessed>
		<ContentStandard>Advanced Placement</ContentStandard>
		<Version>1</Version>
		<RevisionDate>2008-01-01</RevisionDate>
		<MaxRawScore>5</MaxRawScore>
	</Assessment>
	<Assessment>
		<AssessmentTitle>AP - Spanish Language</AssessmentTitle>
		<AssessmentIdentificationCode IdentificationSystem="Test Contractor">
			<ID>Advanced Placement Other 12</ID>
		</AssessmentIdentificationCode>
		<AssessmentCategory>Advanced Placement</AssessmentCategory>
		<AcademicSubject>Other</AcademicSubject>
		<GradeLevelAssessed>Twelfth grade</GradeLevelAssessed>
		<ContentStandard>Advanced Placement</ContentStandard>
		<Version>1</Version>
		<RevisionDate>2008-01-01</RevisionDate>
		<MaxRawScore>5</MaxRawScore>
	</Assessment>
	<Assessment>
		<AssessmentTitle>AP - Spanish Literature </AssessmentTitle>
		<AssessmentIdentificationCode IdentificationSystem="Test Contractor">
			<ID>Advanced Placement Other 9</ID>
		</AssessmentIdentificationCode>
		<AssessmentCategory>Advanced Placement</AssessmentCategory>
		<AcademicSubject>Other</AcademicSubject>
		<GradeLevelAssessed>Ninth grade</GradeLevelAssessed>
		<ContentStandard>Advanced Placement</ContentStandard>
		<Version>1</Version>
		<RevisionDate>2008-01-01</RevisionDate>
		<MaxRawScore>5</MaxRawScore>
	</Assessment>
	<Assessment>
		<AssessmentTitle>AP - Spanish Literature</AssessmentTitle>
		<AssessmentIdentificationCode IdentificationSystem="Test Contractor">
			<ID>Advanced Placement Other 10</ID>
		</AssessmentIdentificationCode>
		<AssessmentCategory>Advanced Placement</AssessmentCategory>
		<AcademicSubject>Other</AcademicSubject>
		<GradeLevelAssessed>Tenth grade</GradeLevelAssessed>
		<ContentStandard>Advanced Placement</ContentStandard>
		<Version>1</Version>
		<RevisionDate>2008-01-01</RevisionDate>
		<MaxRawScore>5</MaxRawScore>
	</Assessment>
	<Assessment>
		<AssessmentTitle>AP - Spanish Literature</AssessmentTitle>
		<AssessmentIdentificationCode IdentificationSystem="Test Contractor">
			<ID>Advanced Placement Other 11</ID>
		</AssessmentIdentificationCode>
		<AssessmentCategory>Advanced Placement</AssessmentCategory>
		<AcademicSubject>Other</AcademicSubject>
		<GradeLevelAssessed>Eleventh grade</GradeLevelAssessed>
		<ContentStandard>Advanced Placement</ContentStandard>
		<Version>1</Version>
		<RevisionDate>2008-01-01</RevisionDate>
		<MaxRawScore>5</MaxRawScore>
	</Assessment>
	<Assessment>
		<AssessmentTitle>AP - Spanish Literature</AssessmentTitle>
		<AssessmentIdentificationCode IdentificationSystem="Test Contractor">
			<ID>Advanced Placement Other 12</ID>
		</AssessmentIdentificationCode>
		<AssessmentCategory>Advanced Placement</AssessmentCategory>
		<AcademicSubject>Other</AcademicSubject>
		<GradeLevelAssessed>Twelfth grade</GradeLevelAssessed>
		<ContentStandard>Advanced Placement</ContentStandard>
		<Version>1</Version>
		<RevisionDate>2008-01-01</RevisionDate>
		<MaxRawScore>5</MaxRawScore>
	</Assessment>
	<Assessment>
		<AssessmentTitle>AP - Statistics</AssessmentTitle>
		<AssessmentIdentificationCode IdentificationSystem="Test Contractor">
			<ID>Advanced Placement Mathematics 9</ID>
		</AssessmentIdentificationCode>
		<AssessmentCategory>Advanced Placement</AssessmentCategory>
		<AcademicSubject>Mathematics</AcademicSubject>
		<GradeLevelAssessed>Ninth grade</GradeLevelAssessed>
		<ContentStandard>Advanced Placement</ContentStandard>
		<Version>1</Version>
		<RevisionDate>2008-01-01</RevisionDate>
		<MaxRawScore>5</MaxRawScore>
	</Assessment>
	<Assessment>
		<AssessmentTitle>AP - Statistics</AssessmentTitle>
		<AssessmentIdentificationCode IdentificationSystem="Test Contractor">
			<ID>Advanced Placement Mathematics 10</ID>
		</AssessmentIdentificationCode>
		<AssessmentCategory>Advanced Placement</AssessmentCategory>
		<AcademicSubject>Mathematics</AcademicSubject>
		<GradeLevelAssessed>Tenth grade</GradeLevelAssessed>
		<ContentStandard>Advanced Placement</ContentStandard>
		<Version>1</Version>
		<RevisionDate>2008-01-01</RevisionDate>
		<MaxRawScore>5</MaxRawScore>
	</Assessment>
	<Assessment>
		<AssessmentTitle>AP - Statistics</AssessmentTitle>
		<AssessmentIdentificationCode IdentificationSystem="Test Contractor">
			<ID>Advanced Placement Mathematics 11</ID>
		</AssessmentIdentificationCode>
		<AssessmentCategory>Advanced Placement</AssessmentCategory>
		<AcademicSubject>Mathematics</AcademicSubject>
		<GradeLevelAssessed>Eleventh grade</GradeLevelAssessed>
		<ContentStandard>Advanced Placement</ContentStandard>
		<Version>1</Version>
		<RevisionDate>2008-01-01</RevisionDate>
		<MaxRawScore>5</MaxRawScore>
	</Assessment>
	<Assessment>
		<AssessmentTitle>AP - Statistics</AssessmentTitle>
		<AssessmentIdentificationCode IdentificationSystem="Test Contractor">
			<ID>Advanced Placement Mathematics 12</ID>
		</AssessmentIdentificationCode>
		<AssessmentCategory>Advanced Placement</AssessmentCategory>
		<AcademicSubject>Mathematics</AcademicSubject>
		<GradeLevelAssessed>Twelfth grade</GradeLevelAssessed>
		<ContentStandard>Advanced Placement</ContentStandard>
		<Version>1</Version>
		<RevisionDate>2008-01-01</RevisionDate>
		<MaxRawScore>5</MaxRawScore>
	</Assessment>
	<Assessment>
		<AssessmentTitle>AP - World History</AssessmentTitle>
		<AssessmentIdentificationCode IdentificationSystem="Test Contractor">
			<ID>Advanced Placement Social 9</ID>
		</AssessmentIdentificationCode>
		<AssessmentCategory>Advanced Placement</AssessmentCategory>
		<AcademicSubject>Social Studies</AcademicSubject>
		<GradeLevelAssessed>Ninth grade</GradeLevelAssessed>
		<ContentStandard>Advanced Placement</ContentStandard>
		<Version>1</Version>
		<RevisionDate>2008-01-01</RevisionDate>
		<MaxRawScore>5</MaxRawScore>
	</Assessment>
	<Assessment>
		<AssessmentTitle>AP - World History</AssessmentTitle>
		<AssessmentIdentificationCode IdentificationSystem="Test Contractor">
			<ID>Advanced Placement Social 10</ID>
		</AssessmentIdentificationCode>
		<AssessmentCategory>Advanced Placement</AssessmentCategory>
		<AcademicSubject>Social Studies</AcademicSubject>
		<GradeLevelAssessed>Tenth grade</GradeLevelAssessed>
		<ContentStandard>Advanced Placement</ContentStandard>
		<Version>1</Version>
		<RevisionDate>2008-01-01</RevisionDate>
		<MaxRawScore>5</MaxRawScore>
	</Assessment>
	<Assessment>
		<AssessmentTitle>AP - World History</AssessmentTitle>
		<AssessmentIdentificationCode IdentificationSystem="Test Contractor">
			<ID>Advanced Placement Social 11</ID>
		</AssessmentIdentificationCode>
		<AssessmentCategory>Advanced Placement</AssessmentCategory>
		<AcademicSubject>Social Studies</AcademicSubject>
		<GradeLevelAssessed>Eleventh grade</GradeLevelAssessed>
		<ContentStandard>Advanced Placement</ContentStandard>
		<Version>1</Version>
		<RevisionDate>2008-01-01</RevisionDate>
		<MaxRawScore>5</MaxRawScore>
	</Assessment>
	<Assessment>
		<AssessmentTitle>AP - World History</AssessmentTitle>
		<AssessmentIdentificationCode IdentificationSystem="Test Contractor">
			<ID>Advanced Placement Social 12</ID>
		</AssessmentIdentificationCode>
		<AssessmentCategory>Advanced Placement</AssessmentCategory>
		<AcademicSubject>Social Studies</AcademicSubject>
		<GradeLevelAssessed>Twelfth grade</GradeLevelAssessed>
		<ContentStandard>Advanced Placement</ContentStandard>
		<Version>1</Version>
		<RevisionDate>2008-01-01</RevisionDate>
		<MaxRawScore>5</MaxRawScore>
	</Assessment>
</InterchangeAssessmentMetadata>