<?xml version="1.0" encoding="UTF-8"?>
<InterchangeStudentAssessment xsi:schemaLocation="http://ed-fi.org/0100 C:/Projects/TSDS/trunk/src/Etl/EdFi.Etl.EdFi/Ed-Fi/Interchange-StudentAssessment.xsd" xmlns="http://ed-fi.org/0100" xmlns:xsi="http://www.w3.org/2001/XMLSchema-instance">
	<StudentReference id="STU-604823">
		<StudentIdentity>
			<StudentUniqueStateId>604823</StudentUniqueStateId>
			<Name>
				<FirstName>Julie</FirstName>
				<LastSurname>Randolph</LastSurname>
			</Name>
			<BirthDate>1996-07-22</BirthDate>
			<Sex>Female</Sex>
		</StudentIdentity>
	</StudentReference>
	<StudentReference id="STU-604836">
		<StudentIdentity>
			<StudentUniqueStateId>604836</StudentUniqueStateId>
			<Name>
				<FirstName>Allie</FirstName>
				<LastSurname>Combs</LastSurname>
			</Name>
			<BirthDate>1996-03-30</BirthDate>
			<Sex>Female</Sex>
		</StudentIdentity>
	</StudentReference>
	<StudentReference id="STU-604868">
		<StudentIdentity>
			<StudentUniqueStateId>604868</StudentUniqueStateId>
			<Name>
				<FirstName>Hugh</FirstName>
				<LastSurname>Santana</LastSurname>
			</Name>
			<BirthDate>1996-10-19</BirthDate>
			<Sex>Male</Sex>
		</StudentIdentity>
	</StudentReference>
	<StudentReference id="STU-604880">
		<StudentIdentity>
			<StudentUniqueStateId>604880</StudentUniqueStateId>
			<Name>
				<FirstName>Martha</FirstName>
				<LastSurname>Parrish</LastSurname>
			</Name>
			<BirthDate>1996-07-03</BirthDate>
			<Sex>Female</Sex>
		</StudentIdentity>
	</StudentReference>
	<AssessmentReference id="TA-3-36-ELA-1">
		<AssessmentIdentity>
			<AssessmentTitle>AP - English Language and Composition</AssessmentTitle>
			<AcademicSubject>ELA</AcademicSubject>
			<GradeLevelAssessed>Eleventh grade</GradeLevelAssessed>
			<Version>1</Version>
		</AssessmentIdentity>
	</AssessmentReference>
	<AssessmentReference id="TA-4-35-SocialStudies-1">
		<AssessmentIdentity>
			<AssessmentTitle>AP - Economics: Macroeconomisc</AssessmentTitle>
			<AcademicSubject>Social Studies</AcademicSubject>
			<GradeLevelAssessed>Twelfth grade</GradeLevelAssessed>
			<Version>1</Version>
		</AssessmentIdentity>
	</AssessmentReference>
	<AssessmentReference id="TA-3-07-SocialStudies-1">
		<AssessmentIdentity>
			<AssessmentTitle>AP - United States History</AssessmentTitle>
			<AcademicSubject>Social Studies</AcademicSubject>
			<GradeLevelAssessed>Eleventh grade</GradeLevelAssessed>
			<Version>1</Version>
		</AssessmentIdentity>
	</AssessmentReference>
	<AssessmentReference id="TA-4-85-SocialStudies-1">
		<AssessmentIdentity>
			<AssessmentTitle>AP - Psychology</AssessmentTitle>
			<AcademicSubject>Social Studies</AcademicSubject>
			<GradeLevelAssessed>Twelfth grade</GradeLevelAssessed>
			<Version>1</Version>
		</AssessmentIdentity>
	</AssessmentReference>
	<AssessmentReference id="TA-4-37-ELA-1">
		<AssessmentIdentity>
			<AssessmentTitle>AP - English Literature and Composition</AssessmentTitle>
			<AcademicSubject>ELA</AcademicSubject>
			<GradeLevelAssessed>Twelfth grade</GradeLevelAssessed>
			<Version>1</Version>
		</AssessmentIdentity>
	</AssessmentReference>
	<AssessmentReference id="TA-4-07-SocialStudies-1">
		<AssessmentIdentity>
			<AssessmentTitle>AP - United States History</AssessmentTitle>
			<AcademicSubject>Social Studies</AcademicSubject>
			<GradeLevelAssessed>Twelfth grade</GradeLevelAssessed>
			<Version>1</Version>
		</AssessmentIdentity>
	</AssessmentReference>
	<AssessmentReference id="TA-4-20-Science-1">
		<AssessmentIdentity>
			<AssessmentTitle>AP - Biology </AssessmentTitle>
			<AcademicSubject>Science</AcademicSubject>
			<GradeLevelAssessed>Twelfth grade</GradeLevelAssessed>
			<Version>1</Version>
		</AssessmentIdentity>
	</AssessmentReference>
	<AssessmentReference id="TA-3-25-Science-1">
		<AssessmentIdentity>
			<AssessmentTitle>AP - Chemistry </AssessmentTitle>
			<AcademicSubject>Science</AcademicSubject>
			<GradeLevelAssessed>Eleventh grade</GradeLevelAssessed>
			<Version>1</Version>
		</AssessmentIdentity>
	</AssessmentReference>
	<AssessmentReference id="TA-4-31-Other-1">
		<AssessmentIdentity>
			<AssessmentTitle>AP - Computer Science A</AssessmentTitle>
			<AcademicSubject>Other</AcademicSubject>
			<GradeLevelAssessed>Twelfth grade</GradeLevelAssessed>
			<Version>1</Version>
		</AssessmentIdentity>
	</AssessmentReference>
	<AssessmentReference id="TA-3-85-SocialStudies-1">
		<AssessmentIdentity>
			<AssessmentTitle>AP - Psychology</AssessmentTitle>
			<AcademicSubject>Social Studies</AcademicSubject>
			<GradeLevelAssessed>Eleventh grade</GradeLevelAssessed>
			<Version>1</Version>
		</AssessmentIdentity>
	</AssessmentReference>
	<AssessmentReference id="TA-4-15-Other-1">
		<AssessmentIdentity>
			<AssessmentTitle>AP - Art: Studio Art 2-D Design</AssessmentTitle>
			<AcademicSubject>Other</AcademicSubject>
			<GradeLevelAssessed>Twelfth grade</GradeLevelAssessed>
			<Version>1</Version>
		</AssessmentIdentity>
	</AssessmentReference>
	<AssessmentReference id="TA-4-25-Science-1">
		<AssessmentIdentity>
			<AssessmentTitle>AP - Chemistry </AssessmentTitle>
			<AcademicSubject>Science</AcademicSubject>
			<GradeLevelAssessed>Twelfth grade</GradeLevelAssessed>
			<Version>1</Version>
		</AssessmentIdentity>
	</AssessmentReference>
	<AssessmentReference id="TA-4-57-SocialStudies-1">
		<AssessmentIdentity>
			<AssessmentTitle>AP - Government and Politics: United States</AssessmentTitle>
			<AcademicSubject>Social Studies</AcademicSubject>
			<GradeLevelAssessed>Twelfth grade</GradeLevelAssessed>
			<Version>1</Version>
		</AssessmentIdentity>
	</AssessmentReference>
	<AssessmentReference id="TA-3-15-Other-1">
		<AssessmentIdentity>
			<AssessmentTitle>AP - Art: Studio Art 2-D Design</AssessmentTitle>
			<AcademicSubject>Other</AcademicSubject>
			<GradeLevelAssessed>Eleventh grade</GradeLevelAssessed>
			<Version>1</Version>
		</AssessmentIdentity>
	</AssessmentReference>
	<AssessmentReference id="TA-2-87-Other-1">
		<AssessmentIdentity>
			<AssessmentTitle>AP - Spanish Language</AssessmentTitle>
			<AcademicSubject>Other</AcademicSubject>
			<GradeLevelAssessed>Tenth grade</GradeLevelAssessed>
			<Version>1</Version>
		</AssessmentIdentity>
	</AssessmentReference>
	<AssessmentReference id="TA-3-87-Other-1">
		<AssessmentIdentity>
			<AssessmentTitle>AP - Spanish Language</AssessmentTitle>
			<AcademicSubject>Other</AcademicSubject>
			<GradeLevelAssessed>Eleventh grade</GradeLevelAssessed>
			<Version>1</Version>
		</AssessmentIdentity>
	</AssessmentReference>
	<AssessmentReference id="TA-4-90-Mathematics-1">
		<AssessmentIdentity>
			<AssessmentTitle>AP - Statistics</AssessmentTitle>
			<AcademicSubject>Mathematics</AcademicSubject>
			<GradeLevelAssessed>Twelfth grade</GradeLevelAssessed>
			<Version>1</Version>
		</AssessmentIdentity>
	</AssessmentReference>
	<AssessmentReference id="TA-4-13-SocialStudies-1">
		<AssessmentIdentity>
			<AssessmentTitle>AP - Art History</AssessmentTitle>
			<AcademicSubject>Social Studies</AcademicSubject>
			<GradeLevelAssessed>Twelfth grade</GradeLevelAssessed>
			<Version>1</Version>
		</AssessmentIdentity>
	</AssessmentReference>
	<AssessmentReference id="TA-4-75-Other-1">
		<AssessmentIdentity>
			<AssessmentTitle>AP - Music Theory</AssessmentTitle>
			<AcademicSubject>Other</AcademicSubject>
			<GradeLevelAssessed>Twelfth grade</GradeLevelAssessed>
			<Version>1</Version>
		</AssessmentIdentity>
	</AssessmentReference>
	<AssessmentReference id="TA-1-53-SocialStudies-1">
		<AssessmentIdentity>
			<AssessmentTitle>AP - Human Geography</AssessmentTitle>
			<AcademicSubject>Social Studies</AcademicSubject>
			<GradeLevelAssessed>Ninth grade</GradeLevelAssessed>
			<Version>1</Version>
		</AssessmentIdentity>
	</AssessmentReference>
	<AssessmentReference id="TA-2-68-Mathematics-1">
		<AssessmentIdentity>
			<AssessmentTitle>AP - Calculus BC</AssessmentTitle>
			<AcademicSubject>Mathematics</AcademicSubject>
			<GradeLevelAssessed>Tenth grade</GradeLevelAssessed>
			<Version>1</Version>
		</AssessmentIdentity>
	</AssessmentReference>
	<AssessmentReference id="TA-2-28-Other-1">
		<AssessmentIdentity>
			<AssessmentTitle>AP - Chinese Language and Culture </AssessmentTitle>
			<AcademicSubject>Other</AcademicSubject>
			<GradeLevelAssessed>Tenth grade</GradeLevelAssessed>
			<Version>1</Version>
		</AssessmentIdentity>
	</AssessmentReference>
	<AssessmentReference id="TA-4-66-Mathematics-1">
		<AssessmentIdentity>
			<AssessmentTitle>AP - Calculus AB</AssessmentTitle>
			<AcademicSubject>Mathematics</AcademicSubject>
			<GradeLevelAssessed>Twelfth grade</GradeLevelAssessed>
			<Version>1</Version>
		</AssessmentIdentity>
	</AssessmentReference>
	<AssessmentReference id="TA-4-43-SocialStudies-1">
		<AssessmentIdentity>
			<AssessmentTitle>AP - European History</AssessmentTitle>
			<AcademicSubject>Social Studies</AcademicSubject>
			<GradeLevelAssessed>Twelfth grade</GradeLevelAssessed>
			<Version>1</Version>
		</AssessmentIdentity>
	</AssessmentReference>
	<AssessmentReference id="TA-4-68-Mathematics-1">
		<AssessmentIdentity>
			<AssessmentTitle>AP - Calculus BC</AssessmentTitle>
			<AcademicSubject>Mathematics</AcademicSubject>
			<GradeLevelAssessed>Twelfth grade</GradeLevelAssessed>
			<Version>1</Version>
		</AssessmentIdentity>
	</AssessmentReference>
	<AssessmentReference id="TA-4-14-Other-1">
		<AssessmentIdentity>
			<AssessmentTitle>AP - Art: Studio Art Drawing</AssessmentTitle>
			<AcademicSubject>Other</AcademicSubject>
			<GradeLevelAssessed>Twelfth grade</GradeLevelAssessed>
			<Version>1</Version>
		</AssessmentIdentity>
	</AssessmentReference>
	<AssessmentReference id="TA-3-66-Mathematics-1">
		<AssessmentIdentity>
			<AssessmentTitle>AP - Calculus AB</AssessmentTitle>
			<AcademicSubject>Mathematics</AcademicSubject>
			<GradeLevelAssessed>Eleventh grade</GradeLevelAssessed>
			<Version>1</Version>
		</AssessmentIdentity>
	</AssessmentReference>
	<AssessmentReference id="TA-3-75-Other-1">
		<AssessmentIdentity>
			<AssessmentTitle>AP - Music Theory</AssessmentTitle>
			<AcademicSubject>Other</AcademicSubject>
			<GradeLevelAssessed>Eleventh grade</GradeLevelAssessed>
			<Version>1</Version>
		</AssessmentIdentity>
	</AssessmentReference>
	<AssessmentReference id="TA-3-13-SocialStudies-1">
		<AssessmentIdentity>
			<AssessmentTitle>AP - Art History</AssessmentTitle>
			<AcademicSubject>Social Studies</AcademicSubject>
			<GradeLevelAssessed>Eleventh grade</GradeLevelAssessed>
			<Version>1</Version>
		</AssessmentIdentity>
	</AssessmentReference>
	<AssessmentReference id="TA-3-20-Science-1">
		<AssessmentIdentity>
			<AssessmentTitle>AP - Biology </AssessmentTitle>
			<AcademicSubject>Science</AcademicSubject>
			<GradeLevelAssessed>Eleventh grade</GradeLevelAssessed>
			<Version>1</Version>
		</AssessmentIdentity>
	</AssessmentReference>
	<AssessmentReference id="TA-3-78-Science-1">
		<AssessmentIdentity>
			<AssessmentTitle>AP - Physics B</AssessmentTitle>
			<AcademicSubject>Science</AcademicSubject>
			<GradeLevelAssessed>Eleventh grade</GradeLevelAssessed>
			<Version>1</Version>
		</AssessmentIdentity>
	</AssessmentReference>
	<AssessmentReference id="TA-4-28-Other-1">
		<AssessmentIdentity>
			<AssessmentTitle>AP - Chinese Language and Culture </AssessmentTitle>
			<AcademicSubject>Other</AcademicSubject>
			<GradeLevelAssessed>Twelfth grade</GradeLevelAssessed>
			<Version>1</Version>
		</AssessmentIdentity>
	</AssessmentReference>
	<AssessmentReference id="TA-3-28-Other-1">
		<AssessmentIdentity>
			<AssessmentTitle>AP - Chinese Language and Culture </AssessmentTitle>
			<AcademicSubject>Other</AcademicSubject>
			<GradeLevelAssessed>Eleventh grade</GradeLevelAssessed>
			<Version>1</Version>
		</AssessmentIdentity>
	</AssessmentReference>
	<AssessmentReference id="TA-4-36-ELA-1">
		<AssessmentIdentity>
			<AssessmentTitle>AP - English Language and Composition</AssessmentTitle>
			<AcademicSubject>ELA</AcademicSubject>
			<GradeLevelAssessed>Twelfth grade</GradeLevelAssessed>
			<Version>1</Version>
		</AssessmentIdentity>
	</AssessmentReference>
	<AssessmentReference id="TA-4-87-Other-1">
		<AssessmentIdentity>
			<AssessmentTitle>AP - Spanish Language</AssessmentTitle>
			<AcademicSubject>Other</AcademicSubject>
			<GradeLevelAssessed>Twelfth grade</GradeLevelAssessed>
			<Version>1</Version>
		</AssessmentIdentity>
	</AssessmentReference>
	<AssessmentReference id="TA-4-76-Other-1">
		<AssessmentIdentity>
			<AssessmentTitle>AP - Music Theory: Aural Subscore</AssessmentTitle>
			<AcademicSubject>Other</AcademicSubject>
			<GradeLevelAssessed>Twelfth grade</GradeLevelAssessed>
			<Version>1</Version>
		</AssessmentIdentity>
	</AssessmentReference>
	<AssessmentReference id="TA-2-69-Mathematics-1">
		<AssessmentIdentity>
			<AssessmentTitle>AP - Calculus AB Subscore</AssessmentTitle>
			<AcademicSubject>Mathematics</AcademicSubject>
			<GradeLevelAssessed>Tenth grade</GradeLevelAssessed>
			<Version>1</Version>
		</AssessmentIdentity>
	</AssessmentReference>
	<AssessmentReference id="TA-4-78-Science-1">
		<AssessmentIdentity>
			<AssessmentTitle>AP - Physics B</AssessmentTitle>
			<AcademicSubject>Science</AcademicSubject>
			<GradeLevelAssessed>Twelfth grade</GradeLevelAssessed>
			<Version>1</Version>
		</AssessmentIdentity>
	</AssessmentReference>
	<AssessmentReference id="TA-4-69-Mathematics-1">
		<AssessmentIdentity>
			<AssessmentTitle>AP - Calculus AB Subscore</AssessmentTitle>
			<AcademicSubject>Mathematics</AcademicSubject>
			<GradeLevelAssessed>Twelfth grade</GradeLevelAssessed>
			<Version>1</Version>
		</AssessmentIdentity>
	</AssessmentReference>
	<AssessmentReference id="TA-3-76-Other-1">
		<AssessmentIdentity>
			<AssessmentTitle>AP - Music Theory: Aural Subscore</AssessmentTitle>
			<AcademicSubject>Other</AcademicSubject>
			<GradeLevelAssessed>Eleventh grade</GradeLevelAssessed>
			<Version>1</Version>
		</AssessmentIdentity>
	</AssessmentReference>
	<AssessmentReference id="TA-3-31-Other-1">
		<AssessmentIdentity>
			<AssessmentTitle>AP - Computer Science A</AssessmentTitle>
			<AcademicSubject>Other</AcademicSubject>
			<GradeLevelAssessed>Eleventh grade</GradeLevelAssessed>
			<Version>1</Version>
		</AssessmentIdentity>
	</AssessmentReference>
	<AssessmentReference id="TA-3-14-Other-1">
		<AssessmentIdentity>
			<AssessmentTitle>AP - Art: Studio Art Drawing</AssessmentTitle>
			<AcademicSubject>Other</AcademicSubject>
			<GradeLevelAssessed>Eleventh grade</GradeLevelAssessed>
			<Version>1</Version>
		</AssessmentIdentity>
	</AssessmentReference>
	<AssessmentReference id="TA-4-16-Other-1">
		<AssessmentIdentity>
			<AssessmentTitle>AP - Art: Studio Art 3-D Design</AssessmentTitle>
			<AcademicSubject>Other</AcademicSubject>
			<GradeLevelAssessed>Twelfth grade</GradeLevelAssessed>
			<Version>1</Version>
		</AssessmentIdentity>
	</AssessmentReference>
	<AssessmentReference id="TA-3-64-Other-1">
		<AssessmentIdentity>
			<AssessmentTitle>AP - Japanese Language and Culture</AssessmentTitle>
			<AcademicSubject>Other</AcademicSubject>
			<GradeLevelAssessed>Eleventh grade</GradeLevelAssessed>
			<Version>1</Version>
		</AssessmentIdentity>
	</AssessmentReference>
	<AssessmentReference id="TA-4-77-Other-1">
		<AssessmentIdentity>
			<AssessmentTitle>AP - Music Theory: Nonaural Subscore</AssessmentTitle>
			<AcademicSubject>Other</AcademicSubject>
			<GradeLevelAssessed>Twelfth grade</GradeLevelAssessed>
			<Version>1</Version>
		</AssessmentIdentity>
	</AssessmentReference>
	<AssessmentReference id="TA-2-90-Mathematics-1">
		<AssessmentIdentity>
			<AssessmentTitle>AP - Statistics</AssessmentTitle>
			<AcademicSubject>Mathematics</AcademicSubject>
			<GradeLevelAssessed>Tenth grade</GradeLevelAssessed>
			<Version>1</Version>
		</AssessmentIdentity>
	</AssessmentReference>
	<AssessmentReference id="TA-3-77-Other-1">
		<AssessmentIdentity>
			<AssessmentTitle>AP - Music Theory: Nonaural Subscore</AssessmentTitle>
			<AcademicSubject>Other</AcademicSubject>
			<GradeLevelAssessed>Eleventh grade</GradeLevelAssessed>
			<Version>1</Version>
		</AssessmentIdentity>
	</AssessmentReference>
	<AssessmentReference id="TA-3-90-Mathematics-1">
		<AssessmentIdentity>
			<AssessmentTitle>AP - Statistics</AssessmentTitle>
			<AcademicSubject>Mathematics</AcademicSubject>
			<GradeLevelAssessed>Eleventh grade</GradeLevelAssessed>
			<Version>1</Version>
		</AssessmentIdentity>
	</AssessmentReference>
	<AssessmentReference id="TA-3-93-SocialStudies-1">
		<AssessmentIdentity>
			<AssessmentTitle>AP - World History</AssessmentTitle>
			<AcademicSubject>Social Studies</AcademicSubject>
			<GradeLevelAssessed>Eleventh grade</GradeLevelAssessed>
			<Version>1</Version>
		</AssessmentIdentity>
	</AssessmentReference>
	<AssessmentReference id="TA-3-43-SocialStudies-1">
		<AssessmentIdentity>
			<AssessmentTitle>AP - European History</AssessmentTitle>
			<AcademicSubject>Social Studies</AcademicSubject>
			<GradeLevelAssessed>Eleventh grade</GradeLevelAssessed>
			<Version>1</Version>
		</AssessmentIdentity>
	</AssessmentReference>
	<AssessmentReference id="TA-3-37-ELA-1">
		<AssessmentIdentity>
			<AssessmentTitle>AP - English Literature and Composition</AssessmentTitle>
			<AcademicSubject>ELA</AcademicSubject>
			<GradeLevelAssessed>Eleventh grade</GradeLevelAssessed>
			<Version>1</Version>
		</AssessmentIdentity>
	</AssessmentReference>
	<AssessmentReference id="TA-4-93-SocialStudies-1">
		<AssessmentIdentity>
			<AssessmentTitle>AP - World History</AssessmentTitle>
			<AcademicSubject>Social Studies</AcademicSubject>
			<GradeLevelAssessed>Twelfth grade</GradeLevelAssessed>
			<Version>1</Version>
		</AssessmentIdentity>
	</AssessmentReference>
	<AssessmentReference id="TA-4-80-Science-1">
		<AssessmentIdentity>
			<AssessmentTitle>AP - Physics C Mechanics</AssessmentTitle>
			<AcademicSubject>Science</AcademicSubject>
			<GradeLevelAssessed>Twelfth grade</GradeLevelAssessed>
			<Version>1</Version>
		</AssessmentIdentity>
	</AssessmentReference>
	<AssessmentReference id="TA-4-48-Other-1">
		<AssessmentIdentity>
			<AssessmentTitle>AP - French Language</AssessmentTitle>
			<AcademicSubject>Other</AcademicSubject>
			<GradeLevelAssessed>Twelfth grade</GradeLevelAssessed>
			<Version>1</Version>
		</AssessmentIdentity>
	</AssessmentReference>
	<AssessmentReference id="TA-4-82-Science-1">
		<AssessmentIdentity>
			<AssessmentTitle>AP - Physics C Electricity and Magnetism</AssessmentTitle>
			<AcademicSubject>Science</AcademicSubject>
			<GradeLevelAssessed>Twelfth grade</GradeLevelAssessed>
			<Version>1</Version>
		</AssessmentIdentity>
	</AssessmentReference>
	<StudentAssessment>
		<AdministrationDate>2010-05-16</AdministrationDate>
		<SerialNumber>63770795</SerialNumber>
		<AdministrationLanguage>English</AdministrationLanguage>
		<AdministrationEnvironment>Testing Center</AdministrationEnvironment>
		<RetestIndicator>Primary Administration</RetestIndicator>
		<ScoreResults AssessmentReportingMethod="Raw score">
			<Result>4</Result>
		</ScoreResults>
		<StudentReference ref="STU-604823"/>
		<AssessmentReference ref="TA-2-28-Other-1"/>
	</StudentAssessment>
	<StudentAssessment>
		<AdministrationDate>2010-05-16</AdministrationDate>
		<SerialNumber>63770795</SerialNumber>
		<AdministrationLanguage>English</AdministrationLanguage>
		<AdministrationEnvironment>Testing Center</AdministrationEnvironment>
		<RetestIndicator>Primary Administration</RetestIndicator>
		<ScoreResults AssessmentReportingMethod="Raw score">
			<Result>3</Result>
		</ScoreResults>
		<StudentReference ref="STU-604823"/>
		<AssessmentReference ref="TA-2-28-Other-1"/>
	</StudentAssessment>
	<StudentAssessment>
		<AdministrationDate>2010-05-16</AdministrationDate>
		<SerialNumber>58379905</SerialNumber>
		<AdministrationLanguage>English</AdministrationLanguage>
		<AdministrationEnvironment>Testing Center</AdministrationEnvironment>
		<RetestIndicator>Primary Administration</RetestIndicator>
		<ScoreResults AssessmentReportingMethod="Raw score">
			<Result>5</Result>
		</ScoreResults>
		<StudentReference ref="STU-604836"/>
		<AssessmentReference ref="TA-2-28-Other-1"/>
	</StudentAssessment>
	<StudentAssessment>
		<AdministrationDate>2010-05-15</AdministrationDate>
		<SerialNumber>63776238</SerialNumber>
		<AdministrationLanguage>English</AdministrationLanguage>
		<AdministrationEnvironment>Testing Center</AdministrationEnvironment>
		<RetestIndicator>Primary Administration</RetestIndicator>
		<ScoreResults AssessmentReportingMethod="Raw score">
			<Result>5</Result>
		</ScoreResults>
		<StudentReference ref="STU-604868"/>
		<AssessmentReference ref="TA-2-87-Other-1"/>
	</StudentAssessment>
	<StudentAssessment>
		<AdministrationDate>2010-05-15</AdministrationDate>
		<SerialNumber>63776238</SerialNumber>
		<AdministrationLanguage>English</AdministrationLanguage>
		<AdministrationEnvironment>Testing Center</AdministrationEnvironment>
		<RetestIndicator>Primary Administration</RetestIndicator>
		<ScoreResults AssessmentReportingMethod="Raw score">
			<Result>5</Result>
		</ScoreResults>
		<StudentReference ref="STU-604880"/>
		<AssessmentReference ref="TA-2-87-Other-1"/>
	</StudentAssessment>
</InterchangeStudentAssessment>
