<?xml version="1.0" encoding="UTF-8"?>
<InterchangeStudentDiscipline xsi:schemaLocation="http://ed-fi.org/0100 C:/Projects/TSDS/trunk/src/Etl/EdFi.Etl.EdFi/Ed-Fi/Interchange-StudentDiscipline.xsd" xmlns="http://ed-fi.org/0100" xmlns:xsi="http://www.w3.org/2001/XMLSchema-instance">
	<DisciplineIncident id="DISC_10_255901001">
		<IncidentIdentifier>10</IncidentIdentifier>
		<IncidentDate>2010-10-18</IncidentDate>
		<IncidentTime>09:00:00</IncidentTime>
		<IncidentLocation>Parking lot</IncidentLocation>
		<ReporterDescription>Staff</ReporterDescription>
		<ReporterName>Hickman, Dewayne</ReporterName>
		<Behaviors>
			<CodeValue>21</CodeValue>
			<ShortDescription>CONDUCT CODE</ShortDescription>
			<Description>CONDUCT CODE VIOLATION</Description>
		</Behaviors>
		<ReportedToLawEnforcement>false</ReportedToLawEnforcement>
		<SchoolReference>
			<EducationalOrgIdentity>
				<StateOrganizationId>255901001</StateOrganizationId>
			</EducationalOrgIdentity>
		</SchoolReference>
		<StaffReference>
			<StaffIdentity>
				<StaffUniqueStateId>207278</StaffUniqueStateId>
			</StaffIdentity>
		</StaffReference>
	</DisciplineIncident>
	<DisciplineIncident id="DISC_11_255901001">
		<IncidentIdentifier>11</IncidentIdentifier>
		<IncidentDate>2011-03-31</IncidentDate>
		<IncidentTime>14:20:00</IncidentTime>
		<IncidentLocation>School bus</IncidentLocation>
		<ReporterDescription>Staff</ReporterDescription>
		<ReporterName>Moran, Patricia</ReporterName>
		<Behaviors>
			<CodeValue>21</CodeValue>
			<ShortDescription>CONDUCT CODE</ShortDescription>
			<Description>CONDUCT CODE VIOLATION</Description>
		</Behaviors>
		<ReportedToLawEnforcement>false</ReportedToLawEnforcement>
		<SchoolReference>
			<EducationalOrgIdentity>
				<StateOrganizationId>255901001</StateOrganizationId>
			</EducationalOrgIdentity>
		</SchoolReference>
		<StaffReference>
			<StaffIdentity>
				<StaffUniqueStateId>207280</StaffUniqueStateId>
			</StaffIdentity>
		</StaffReference>
	</DisciplineIncident>
	<DisciplineIncident id="DISC_12_255901001">
		<IncidentIdentifier>12</IncidentIdentifier>
		<IncidentDate>2010-10-21</IncidentDate>
		<IncidentTime>15:10:00</IncidentTime>
		<IncidentLocation>Classroom</IncidentLocation>
		<ReporterDescription>Staff</ReporterDescription>
		<ReporterName>Rodriguez, Efrain</ReporterName>
		<Behaviors>
			<CodeValue>21</CodeValue>
			<ShortDescription>CONDUCT CODE</ShortDescription>
			<Description>CONDUCT CODE VIOLATION</Description>
		</Behaviors>
		<ReportedToLawEnforcement>false</ReportedToLawEnforcement>
		<SchoolReference>
			<EducationalOrgIdentity>
				<StateOrganizationId>255901001</StateOrganizationId>
			</EducationalOrgIdentity>
		</SchoolReference>
		<StaffReference>
			<StaffIdentity>
				<StaffUniqueStateId>207283</StaffUniqueStateId>
			</StaffIdentity>
		</StaffReference>
	</DisciplineIncident>
	<DisciplineIncident id="DISC_13_255901001">
		<IncidentIdentifier>13</IncidentIdentifier>
		<IncidentDate>2011-01-28</IncidentDate>
		<IncidentTime>09:05:00</IncidentTime>
		<IncidentLocation>Library/media center</IncidentLocation>
		<ReporterDescription>Staff</ReporterDescription>
		<ReporterName>Preston, Sara</ReporterName>
		<Behaviors>
			<CodeValue>21</CodeValue>
			<ShortDescription>CONDUCT CODE</ShortDescription>
			<Description>CONDUCT CODE VIOLATION</Description>
		</Behaviors>
		<ReportedToLawEnforcement>false</ReportedToLawEnforcement>
		<SchoolReference>
			<EducationalOrgIdentity>
				<StateOrganizationId>255901001</StateOrganizationId>
			</EducationalOrgIdentity>
		</SchoolReference>
		<StaffReference>
			<StaffIdentity>
				<StaffUniqueStateId>207268</StaffUniqueStateId>
			</StaffIdentity>
		</StaffReference>
	</DisciplineIncident>
	<DisciplineIncident id="DISC_14_255901001">
		<IncidentIdentifier>14</IncidentIdentifier>
		<IncidentDate>2011-04-18</IncidentDate>
		<IncidentTime>09:35:00</IncidentTime>
		<IncidentLocation>Auditorium</IncidentLocation>
		<ReporterDescription>Staff</ReporterDescription>
		<ReporterName>Christian, Kelley</ReporterName>
		<Behaviors>
			<CodeValue>21</CodeValue>
			<ShortDescription>CONDUCT CODE</ShortDescription>
			<Description>CONDUCT CODE VIOLATION</Description>
		</Behaviors>
		<ReportedToLawEnforcement>false</ReportedToLawEnforcement>
		<SchoolReference>
			<EducationalOrgIdentity>
				<StateOrganizationId>255901001</StateOrganizationId>
			</EducationalOrgIdentity>
		</SchoolReference>
		<StaffReference>
			<StaffIdentity>
				<StaffUniqueStateId>207270</StaffUniqueStateId>
			</StaffIdentity>
		</StaffReference>
	</DisciplineIncident>
	<DisciplineIncident id="DISC_15_255901001">
		<IncidentIdentifier>15</IncidentIdentifier>
		<IncidentDate>2011-02-02</IncidentDate>
		<IncidentTime>11:10:00</IncidentTime>
		<IncidentLocation>Locker room or gym areas</IncidentLocation>
		<ReporterDescription>Staff</ReporterDescription>
		<ReporterName>West, Cody</ReporterName>
		<Behaviors>
			<CodeValue>21</CodeValue>
			<ShortDescription>CONDUCT CODE</ShortDescription>
			<Description>CONDUCT CODE VIOLATION</Description>
		</Behaviors>
		<ReportedToLawEnforcement>false</ReportedToLawEnforcement>
		<SchoolReference>
			<EducationalOrgIdentity>
				<StateOrganizationId>255901001</StateOrganizationId>
			</EducationalOrgIdentity>
		</SchoolReference>
		<StaffReference>
			<StaffIdentity>
				<StaffUniqueStateId>207266</StaffUniqueStateId>
			</StaffIdentity>
		</StaffReference>
	</DisciplineIncident>
	<DisciplineIncident id="DISC_16_255901001">
		<IncidentIdentifier>16</IncidentIdentifier>
		<IncidentDate>2010-12-16</IncidentDate>
		<IncidentTime>16:05:00</IncidentTime>
		<IncidentLocation>Cafeteria area</IncidentLocation>
		<ReporterDescription>Staff</ReporterDescription>
		<ReporterName>Kelly, Kisha</ReporterName>
		<Behaviors>
			<CodeValue>21</CodeValue>
			<ShortDescription>CONDUCT CODE</ShortDescription>
			<Description>CONDUCT CODE VIOLATION</Description>
		</Behaviors>
		<ReportedToLawEnforcement>false</ReportedToLawEnforcement>
		<SchoolReference>
			<EducationalOrgIdentity>
				<StateOrganizationId>255901001</StateOrganizationId>
			</EducationalOrgIdentity>
		</SchoolReference>
		<StaffReference>
			<StaffIdentity>
				<StaffUniqueStateId>207282</StaffUniqueStateId>
			</StaffIdentity>
		</StaffReference>
	</DisciplineIncident>
	<DisciplineIncident id="DISC_17_255901001">
		<IncidentIdentifier>17</IncidentIdentifier>
		<IncidentDate>2011-01-04</IncidentDate>
		<IncidentTime>15:40:00</IncidentTime>
		<IncidentLocation>Classroom</IncidentLocation>
		<ReporterDescription>Staff</ReporterDescription>
		<ReporterName>Woods, Mark</ReporterName>
		<Behaviors>
			<CodeValue>21</CodeValue>
			<ShortDescription>CONDUCT CODE</ShortDescription>
			<Description>CONDUCT CODE VIOLATION</Description>
		</Behaviors>
		<ReportedToLawEnforcement>true</ReportedToLawEnforcement>
		<CaseNumber>201101041500</CaseNumber>
		<SchoolReference>
			<EducationalOrgIdentity>
				<StateOrganizationId>255901001</StateOrganizationId>
			</EducationalOrgIdentity>
		</SchoolReference>
		<StaffReference>
			<StaffIdentity>
				<StaffUniqueStateId>207279</StaffUniqueStateId>
			</StaffIdentity>
		</StaffReference>
	</DisciplineIncident>
	<DisciplineIncident id="DISC_18_255901001">
		<IncidentIdentifier>18</IncidentIdentifier>
		<IncidentDate>2011-01-18</IncidentDate>
		<IncidentTime>13:45:00</IncidentTime>
		<IncidentLocation>Computer lab</IncidentLocation>
		<ReporterDescription>Staff</ReporterDescription>
		<ReporterName>Cameron, Alisa</ReporterName>
		<Behaviors>
			<CodeValue>22</CodeValue>
			<ShortDescription>CRIM MISCHIEF</ShortDescription>
			<Description>CRIMINAL MISCHIEF</Description>
		</Behaviors>
		<ReportedToLawEnforcement>false</ReportedToLawEnforcement>
		<SchoolReference>
			<EducationalOrgIdentity>
				<StateOrganizationId>255901001</StateOrganizationId>
			</EducationalOrgIdentity>
		</SchoolReference>
		<StaffReference>
			<StaffIdentity>
				<StaffUniqueStateId>207267</StaffUniqueStateId>
			</StaffIdentity>
		</StaffReference>
	</DisciplineIncident>
	<DisciplineIncident id="DISC_19_255901001">
		<IncidentIdentifier>19</IncidentIdentifier>
		<IncidentDate>2011-01-13</IncidentDate>
		<IncidentTime>14:40:00</IncidentTime>
		<IncidentLocation>Administrative offices area</IncidentLocation>
		<ReporterDescription>Staff</ReporterDescription>
		<ReporterName>Tucker, Roger</ReporterName>
		<Behaviors>
			<CodeValue>34</CodeValue>
			<ShortDescription>GANG VIOLENCE</ShortDescription>
			<Description>GANG VIOLENCE</Description>
		</Behaviors>
		<ReportedToLawEnforcement>false</ReportedToLawEnforcement>
		<SchoolReference>
			<EducationalOrgIdentity>
				<StateOrganizationId>255901001</StateOrganizationId>
			</EducationalOrgIdentity>
		</SchoolReference>
		<StaffReference>
			<StaffIdentity>
				<StaffUniqueStateId>207269</StaffUniqueStateId>
			</StaffIdentity>
		</StaffReference>
	</DisciplineIncident>
	<DisciplineIncident id="DISC_20_255901001">
		<IncidentIdentifier>20</IncidentIdentifier>
		<IncidentDate>2011-03-28</IncidentDate>
		<IncidentTime>15:00:00</IncidentTime>
		<IncidentLocation>Library/media center</IncidentLocation>
		<ReporterDescription>Staff</ReporterDescription>
		<ReporterName>Villa, Mike</ReporterName>
		<Behaviors>
			<CodeValue>34</CodeValue>
			<ShortDescription>GANG VIOLENCE</ShortDescription>
			<Description>GANG VIOLENCE</Description>
		</Behaviors>
		<ReportedToLawEnforcement>true</ReportedToLawEnforcement>
		<CaseNumber>201103281500</CaseNumber>
		<SchoolReference>
			<EducationalOrgIdentity>
				<StateOrganizationId>255901001</StateOrganizationId>
			</EducationalOrgIdentity>
		</SchoolReference>
		<StaffReference>
			<StaffIdentity>
				<StaffUniqueStateId>207281</StaffUniqueStateId>
			</StaffIdentity>
		</StaffReference>
	</DisciplineIncident>
	<DisciplineIncident id="DISC_21_255901001">
		<IncidentIdentifier>21</IncidentIdentifier>
		<IncidentDate>2011-05-01</IncidentDate>
		<IncidentTime>10:20:00</IncidentTime>
		<IncidentLocation>On School</IncidentLocation>
		<ReporterDescription>Staff</ReporterDescription>
		<ReporterName>Kaiser, Jon</ReporterName>
		<Behaviors>
			<CodeValue>52</CodeValue>
			<ShortDescription>ILLEGAL KNIFE</ShortDescription>
			<Description>ILLEGAL KNIFE, CLUB, 300FT</Description>
		</Behaviors>
		<Weapons>
			<Weapon>Knife</Weapon>
		</Weapons>
		<ReportedToLawEnforcement>false</ReportedToLawEnforcement>
		<SchoolReference>
			<EducationalOrgIdentity>
				<StateOrganizationId>255901001</StateOrganizationId>
			</EducationalOrgIdentity>
		</SchoolReference>
		<StaffReference>
			<StaffIdentity>
				<StaffUniqueStateId>207274</StaffUniqueStateId>
			</StaffIdentity>
		</StaffReference>
	</DisciplineIncident>
	<DisciplineIncident id="DISC_8_255901001">
		<IncidentIdentifier>8</IncidentIdentifier>
		<IncidentDate>2011-01-07</IncidentDate>
		<IncidentTime>14:10:00</IncidentTime>
		<IncidentLocation>Classroom</IncidentLocation>
		<ReporterDescription>Staff</ReporterDescription>
		<ReporterName>Conley, Charlie</ReporterName>
		<Behaviors>
			<CodeValue>4</CodeValue>
			<ShortDescription>CONTL SUBSTANCE</ShortDescription>
			<Description>CONTROLLED SUBSTANCE</Description>
		</Behaviors>
		<ReportedToLawEnforcement>false</ReportedToLawEnforcement>
		<SchoolReference>
			<EducationalOrgIdentity>
				<StateOrganizationId>255901001</StateOrganizationId>
			</EducationalOrgIdentity>
		</SchoolReference>
		<StaffReference>
			<StaffIdentity>
				<StaffUniqueStateId>207273</StaffUniqueStateId>
			</StaffIdentity>
		</StaffReference>
	</DisciplineIncident>
	<DisciplineIncident id="DISC_9_255901001">
		<IncidentIdentifier>9</IncidentIdentifier>
		<IncidentDate>2011-05-13</IncidentDate>
		<IncidentTime>10:15:00</IncidentTime>
		<IncidentLocation>Restroom</IncidentLocation>
		<ReporterDescription>Staff</ReporterDescription>
		<ReporterName>Dickson, Sheldon</ReporterName>
		<Behaviors>
			<CodeValue>5</CodeValue>
			<ShortDescription>ALCOHOL</ShortDescription>
			<Description>ALCOHOL POSSES/USE/SOLD</Description>
		</Behaviors>
		<ReportedToLawEnforcement>false</ReportedToLawEnforcement>
		<SchoolReference>
			<EducationalOrgIdentity>
				<StateOrganizationId>255901001</StateOrganizationId>
			</EducationalOrgIdentity>
		</SchoolReference>
		<StaffReference>
			<StaffIdentity>
				<StaffUniqueStateId>207284</StaffUniqueStateId>
			</StaffIdentity>
		</StaffReference>
	</DisciplineIncident>
	<DisciplineIncident id="DISC_3_255901044">
		<IncidentIdentifier>3</IncidentIdentifier>
		<IncidentDate>2011-04-26</IncidentDate>
		<IncidentTime>10:45:00</IncidentTime>
		<IncidentLocation>Locker room or gym areas</IncidentLocation>
		<ReporterDescription>Staff</ReporterDescription>
		<ReporterName>Larsen, Raul</ReporterName>
		<Behaviors>
			<CodeValue>21</CodeValue>
			<ShortDescription>CONDUCT CODE</ShortDescription>
			<Description>CONDUCT CODE VIOLATION</Description>
		</Behaviors>
		<ReportedToLawEnforcement>false</ReportedToLawEnforcement>
		<SchoolReference>
			<EducationalOrgIdentity>
				<StateOrganizationId>255901044</StateOrganizationId>
			</EducationalOrgIdentity>
		</SchoolReference>
		<StaffReference>
			<StaffIdentity>
				<StaffUniqueStateId>207251</StaffUniqueStateId>
			</StaffIdentity>
		</StaffReference>
	</DisciplineIncident>
	<DisciplineIncident id="DISC_4_255901044">
		<IncidentIdentifier>4</IncidentIdentifier>
		<IncidentDate>2011-05-03</IncidentDate>
		<IncidentTime>14:20:00</IncidentTime>
		<IncidentLocation>Library/media center</IncidentLocation>
		<ReporterDescription>Staff</ReporterDescription>
		<ReporterName>Gallegos, Esther</ReporterName>
		<Behaviors>
			<CodeValue>21</CodeValue>
			<ShortDescription>CONDUCT CODE</ShortDescription>
			<Description>CONDUCT CODE VIOLATION</Description>
		</Behaviors>
		<ReportedToLawEnforcement>false</ReportedToLawEnforcement>
		<SchoolReference>
			<EducationalOrgIdentity>
				<StateOrganizationId>255901044</StateOrganizationId>
			</EducationalOrgIdentity>
		</SchoolReference>
		<StaffReference>
			<StaffIdentity>
				<StaffUniqueStateId>207253</StaffUniqueStateId>
			</StaffIdentity>
		</StaffReference>
	</DisciplineIncident>
	<DisciplineIncident id="DISC_5_255901044">
		<IncidentIdentifier>5</IncidentIdentifier>
		<IncidentDate>2010-10-28</IncidentDate>
		<IncidentTime>15:40:00</IncidentTime>
		<IncidentLocation>Auditorium</IncidentLocation>
		<ReporterDescription>Staff</ReporterDescription>
		<ReporterName>Shaffer, Bradley</ReporterName>
		<Behaviors>
			<CodeValue>21</CodeValue>
			<ShortDescription>CONDUCT CODE</ShortDescription>
			<Description>CONDUCT CODE VIOLATION</Description>
		</Behaviors>
		<ReportedToLawEnforcement>false</ReportedToLawEnforcement>
		<SchoolReference>
			<EducationalOrgIdentity>
				<StateOrganizationId>255901044</StateOrganizationId>
			</EducationalOrgIdentity>
		</SchoolReference>
		<StaffReference>
			<StaffIdentity>
				<StaffUniqueStateId>207256</StaffUniqueStateId>
			</StaffIdentity>
		</StaffReference>
	</DisciplineIncident>
	<DisciplineIncident id="DISC_6_255901044">
		<IncidentIdentifier>6</IncidentIdentifier>
		<IncidentDate>2010-12-13</IncidentDate>
		<IncidentTime>11:10:00</IncidentTime>
		<IncidentLocation>Parking lot</IncidentLocation>
		<ReporterDescription>Staff</ReporterDescription>
		<ReporterName>Stafford, Ismael</ReporterName>
		<Behaviors>
			<CodeValue>21</CodeValue>
			<ShortDescription>CONDUCT CODE</ShortDescription>
			<Description>CONDUCT CODE VIOLATION</Description>
		</Behaviors>
		<ReportedToLawEnforcement>false</ReportedToLawEnforcement>
		<SchoolReference>
			<EducationalOrgIdentity>
				<StateOrganizationId>255901044</StateOrganizationId>
			</EducationalOrgIdentity>
		</SchoolReference>
		<StaffReference>
			<StaffIdentity>
				<StaffUniqueStateId>207258</StaffUniqueStateId>
			</StaffIdentity>
		</StaffReference>
	</DisciplineIncident>
	<DisciplineIncident id="DISC_7_255901044">
		<IncidentIdentifier>7</IncidentIdentifier>
		<IncidentDate>2011-02-09</IncidentDate>
		<IncidentTime>12:15:00</IncidentTime>
		<IncidentLocation>Athletic field or playground</IncidentLocation>
		<ReporterDescription>Staff</ReporterDescription>
		<ReporterName>Stephens, Josephine</ReporterName>
		<Behaviors>
			<CodeValue>5</CodeValue>
			<ShortDescription>ALCOHOL</ShortDescription>
			<Description>ALCOHOL POSSES/USE/SOLD</Description>
		</Behaviors>
		<ReportedToLawEnforcement>false</ReportedToLawEnforcement>
		<SchoolReference>
			<EducationalOrgIdentity>
				<StateOrganizationId>255901044</StateOrganizationId>
			</EducationalOrgIdentity>
		</SchoolReference>
		<StaffReference>
			<StaffIdentity>
				<StaffUniqueStateId>207259</StaffUniqueStateId>
			</StaffIdentity>
		</StaffReference>
	</DisciplineIncident>
	<DisciplineIncident id="DISC_1_255901107">
		<IncidentIdentifier>1</IncidentIdentifier>
		<IncidentDate>2011-02-09</IncidentDate>
		<IncidentTime>10:30:00</IncidentTime>
		<IncidentLocation>Auditorium</IncidentLocation>
		<ReporterDescription>Staff</ReporterDescription>
		<ReporterName>Villa, Mike</ReporterName>
		<Behaviors>
			<CodeValue>21</CodeValue>
			<ShortDescription>CONDUCT CODE</ShortDescription>
			<Description>CONDUCT CODE VIOLATION</Description>
		</Behaviors>
		<ReportedToLawEnforcement>false</ReportedToLawEnforcement>
		<SchoolReference>
			<EducationalOrgIdentity>
				<StateOrganizationId>255901107</StateOrganizationId>
			</EducationalOrgIdentity>
		</SchoolReference>
		<StaffReference>
			<StaffIdentity>
				<StaffUniqueStateId>207281</StaffUniqueStateId>
			</StaffIdentity>
		</StaffReference>
	</DisciplineIncident>
	<DisciplineIncident id="DISC_2_255901107">
		<IncidentIdentifier>2</IncidentIdentifier>
		<IncidentDate>2011-02-18</IncidentDate>
		<IncidentTime>13:00:00</IncidentTime>
		<IncidentLocation>Classroom</IncidentLocation>
		<ReporterDescription>Staff</ReporterDescription>
		<ReporterName>Macias, Gene</ReporterName>
		<Behaviors>
			<CodeValue>21</CodeValue>
			<ShortDescription>CONDUCT CODE</ShortDescription>
			<Description>CONDUCT CODE VIOLATION</Description>
		</Behaviors>
		<ReportedToLawEnforcement>false</ReportedToLawEnforcement>
		<SchoolReference>
			<EducationalOrgIdentity>
				<StateOrganizationId>255901107</StateOrganizationId>
			</EducationalOrgIdentity>
		</SchoolReference>
		<StaffReference>
			<StaffIdentity>
				<StaffUniqueStateId>207220</StaffUniqueStateId>
			</StaffIdentity>
		</StaffReference>
	</DisciplineIncident>
	<StudentDisciplineIncidentAssociation>
		<StudentReference>
			<StudentIdentity>
				<StudentUniqueStateId>605266</StudentUniqueStateId>
			</StudentIdentity>
		</StudentReference>
		<DisciplineIncidentReference ref="DISC_10_255901001"/>
		<StudentParticipationCode>Perpetrator</StudentParticipationCode>
	</StudentDisciplineIncidentAssociation>
	<StudentDisciplineIncidentAssociation>
		<StudentReference>
			<StudentIdentity>
				<StudentUniqueStateId>605265</StudentUniqueStateId>
			</StudentIdentity>
		</StudentReference>
		<DisciplineIncidentReference ref="DISC_11_255901001"/>
		<StudentParticipationCode>Perpetrator</StudentParticipationCode>
	</StudentDisciplineIncidentAssociation>
	<StudentDisciplineIncidentAssociation>
		<StudentReference>
			<StudentIdentity>
				<StudentUniqueStateId>604892</StudentUniqueStateId>
			</StudentIdentity>
		</StudentReference>
		<DisciplineIncidentReference ref="DISC_12_255901001"/>
		<StudentParticipationCode>Perpetrator</StudentParticipationCode>
	</StudentDisciplineIncidentAssociation>
	<StudentDisciplineIncidentAssociation>
		<StudentReference>
			<StudentIdentity>
				<StudentUniqueStateId>605121</StudentUniqueStateId>
			</StudentIdentity>
		</StudentReference>
		<DisciplineIncidentReference ref="DISC_13_255901001"/>
		<StudentParticipationCode>Perpetrator</StudentParticipationCode>
	</StudentDisciplineIncidentAssociation>
	<StudentDisciplineIncidentAssociation>
		<StudentReference>
			<StudentIdentity>
				<StudentUniqueStateId>605417</StudentUniqueStateId>
			</StudentIdentity>
		</StudentReference>
		<DisciplineIncidentReference ref="DISC_14_255901001"/>
		<StudentParticipationCode>Perpetrator</StudentParticipationCode>
	</StudentDisciplineIncidentAssociation>
	<StudentDisciplineIncidentAssociation>
		<StudentReference>
			<StudentIdentity>
				<StudentUniqueStateId>605370</StudentUniqueStateId>
			</StudentIdentity>
		</StudentReference>
		<DisciplineIncidentReference ref="DISC_15_255901001"/>
		<StudentParticipationCode>Perpetrator</StudentParticipationCode>
	</StudentDisciplineIncidentAssociation>
	<StudentDisciplineIncidentAssociation>
		<StudentReference>
			<StudentIdentity>
				<StudentUniqueStateId>605568</StudentUniqueStateId>
			</StudentIdentity>
		</StudentReference>
		<DisciplineIncidentReference ref="DISC_16_255901001"/>
		<StudentParticipationCode>Perpetrator</StudentParticipationCode>
	</StudentDisciplineIncidentAssociation>
	<StudentDisciplineIncidentAssociation>
		<StudentReference>
			<StudentIdentity>
				<StudentUniqueStateId>605522</StudentUniqueStateId>
			</StudentIdentity>
		</StudentReference>
		<DisciplineIncidentReference ref="DISC_17_255901001"/>
		<StudentParticipationCode>Perpetrator</StudentParticipationCode>
	</StudentDisciplineIncidentAssociation>
	<StudentDisciplineIncidentAssociation>
		<StudentReference>
			<StudentIdentity>
				<StudentUniqueStateId>604848</StudentUniqueStateId>
			</StudentIdentity>
		</StudentReference>
		<DisciplineIncidentReference ref="DISC_18_255901001"/>
		<StudentParticipationCode>Perpetrator</StudentParticipationCode>
	</StudentDisciplineIncidentAssociation>
	<StudentDisciplineIncidentAssociation>
		<StudentReference>
			<StudentIdentity>
				<StudentUniqueStateId>605477</StudentUniqueStateId>
			</StudentIdentity>
		</StudentReference>
		<DisciplineIncidentReference ref="DISC_19_255901001"/>
		<StudentParticipationCode>Perpetrator</StudentParticipationCode>
	</StudentDisciplineIncidentAssociation>
	<StudentDisciplineIncidentAssociation>
		<StudentReference>
			<StudentIdentity>
				<StudentUniqueStateId>605035</StudentUniqueStateId>
			</StudentIdentity>
		</StudentReference>
		<DisciplineIncidentReference ref="DISC_20_255901001"/>
		<StudentParticipationCode>Perpetrator</StudentParticipationCode>
	</StudentDisciplineIncidentAssociation>
	<StudentDisciplineIncidentAssociation>
		<StudentReference>
			<StudentIdentity>
				<StudentUniqueStateId>605389</StudentUniqueStateId>
			</StudentIdentity>
		</StudentReference>
		<DisciplineIncidentReference ref="DISC_21_255901001"/>
		<StudentParticipationCode>Perpetrator</StudentParticipationCode>
	</StudentDisciplineIncidentAssociation>
	<StudentDisciplineIncidentAssociation>
		<StudentReference>
			<StudentIdentity>
				<StudentUniqueStateId>605274</StudentUniqueStateId>
			</StudentIdentity>
		</StudentReference>
		<DisciplineIncidentReference ref="DISC_8_255901001"/>
		<StudentParticipationCode>Perpetrator</StudentParticipationCode>
	</StudentDisciplineIncidentAssociation>
	<StudentDisciplineIncidentAssociation>
		<StudentReference>
			<StudentIdentity>
				<StudentUniqueStateId>605262</StudentUniqueStateId>
			</StudentIdentity>
		</StudentReference>
		<DisciplineIncidentReference ref="DISC_9_255901001"/>
		<StudentParticipationCode>Perpetrator</StudentParticipationCode>
	</StudentDisciplineIncidentAssociation>
	<StudentDisciplineIncidentAssociation>
		<StudentReference>
			<StudentIdentity>
				<StudentUniqueStateId>605040</StudentUniqueStateId>
			</StudentIdentity>
		</StudentReference>
		<DisciplineIncidentReference ref="DISC_3_255901044"/>
		<StudentParticipationCode>Perpetrator</StudentParticipationCode>
	</StudentDisciplineIncidentAssociation>
	<StudentDisciplineIncidentAssociation>
		<StudentReference>
			<StudentIdentity>
				<StudentUniqueStateId>605403</StudentUniqueStateId>
			</StudentIdentity>
		</StudentReference>
		<DisciplineIncidentReference ref="DISC_4_255901044"/>
		<StudentParticipationCode>Perpetrator</StudentParticipationCode>
	</StudentDisciplineIncidentAssociation>
	<StudentDisciplineIncidentAssociation>
		<StudentReference>
			<StudentIdentity>
				<StudentUniqueStateId>605772</StudentUniqueStateId>
			</StudentIdentity>
		</StudentReference>
		<DisciplineIncidentReference ref="DISC_5_255901044"/>
		<StudentParticipationCode>Perpetrator</StudentParticipationCode>
	</StudentDisciplineIncidentAssociation>
	<StudentDisciplineIncidentAssociation>
		<StudentReference>
			<StudentIdentity>
				<StudentUniqueStateId>605220</StudentUniqueStateId>
			</StudentIdentity>
		</StudentReference>
		<DisciplineIncidentReference ref="DISC_6_255901044"/>
		<StudentParticipationCode>Perpetrator</StudentParticipationCode>
	</StudentDisciplineIncidentAssociation>
	<StudentDisciplineIncidentAssociation>
		<StudentReference>
			<StudentIdentity>
				<StudentUniqueStateId>604861</StudentUniqueStateId>
			</StudentIdentity>
		</StudentReference>
		<DisciplineIncidentReference ref="DISC_7_255901044"/>
		<StudentParticipationCode>Perpetrator</StudentParticipationCode>
	</StudentDisciplineIncidentAssociation>
	<StudentDisciplineIncidentAssociation>
		<StudentReference>
			<StudentIdentity>
				<StudentUniqueStateId>605275</StudentUniqueStateId>
			</StudentIdentity>
		</StudentReference>
		<DisciplineIncidentReference ref="DISC_1_255901107"/>
		<StudentParticipationCode>Perpetrator</StudentParticipationCode>
	</StudentDisciplineIncidentAssociation>
	<StudentDisciplineIncidentAssociation>
		<StudentReference>
			<StudentIdentity>
				<StudentUniqueStateId>605565</StudentUniqueStateId>
			</StudentIdentity>
		</StudentReference>
		<DisciplineIncidentReference ref="DISC_2_255901107"/>
		<StudentParticipationCode>Perpetrator</StudentParticipationCode>
	</StudentDisciplineIncidentAssociation>
	<DisciplineAction id="DSCActionID_10_10">
		<DisciplineActionIdentifier>10</DisciplineActionIdentifier>
		<Disciplines>
			<CodeValue>6</CodeValue>
			<ShortDescription>ISS</ShortDescription>
		</Disciplines>
		<DisciplineDate>2010-10-18</DisciplineDate>
		<DisciplineActionLength>1</DisciplineActionLength>
		<ActualDisciplineActionLength>1</ActualDisciplineActionLength>
		<DisciplineActionLengthDifferenceReason>No Difference</DisciplineActionLengthDifferenceReason>
		<StudentReference>
			<StudentIdentity>
				<StudentUniqueStateId>605266</StudentUniqueStateId>
			</StudentIdentity>
		</StudentReference>
		<DisciplineIncidentReference>
			<DisciplineIncidentIdentity>
				<IncidentIdentifier>10</IncidentIdentifier>
				<StateOrganizationId>255901001</StateOrganizationId>
			</DisciplineIncidentIdentity>
		</DisciplineIncidentReference>
		<ResponsibilitySchoolReference>
			<EducationalOrgIdentity>
				<StateOrganizationId>255901001</StateOrganizationId>
			</EducationalOrgIdentity>
		</ResponsibilitySchoolReference>
	</DisciplineAction>
	<DisciplineAction id="DSCActionID_11_11">
		<DisciplineActionIdentifier>11</DisciplineActionIdentifier>
		<Disciplines>
			<CodeValue>6</CodeValue>
			<ShortDescription>ISS</ShortDescription>
		</Disciplines>
		<DisciplineDate>2011-03-31</DisciplineDate>
		<DisciplineActionLength>1</DisciplineActionLength>
		<ActualDisciplineActionLength>1</ActualDisciplineActionLength>
		<DisciplineActionLengthDifferenceReason>No Difference</DisciplineActionLengthDifferenceReason>
		<StudentReference>
			<StudentIdentity>
				<StudentUniqueStateId>605265</StudentUniqueStateId>
			</StudentIdentity>
		</StudentReference>
		<DisciplineIncidentReference>
			<DisciplineIncidentIdentity>
				<IncidentIdentifier>11</IncidentIdentifier>
				<StateOrganizationId>255901001</StateOrganizationId>
			</DisciplineIncidentIdentity>
		</DisciplineIncidentReference>
		<ResponsibilitySchoolReference>
			<EducationalOrgIdentity>
				<StateOrganizationId>255901001</StateOrganizationId>
			</EducationalOrgIdentity>
		</ResponsibilitySchoolReference>
	</DisciplineAction>
	<DisciplineAction id="DSCActionID_12_12">
		<DisciplineActionIdentifier>12</DisciplineActionIdentifier>
		<Disciplines>
			<CodeValue>6</CodeValue>
			<ShortDescription>ISS</ShortDescription>
		</Disciplines>
		<DisciplineDate>2010-10-21</DisciplineDate>
		<DisciplineActionLength>1</DisciplineActionLength>
		<ActualDisciplineActionLength>1</ActualDisciplineActionLength>
		<DisciplineActionLengthDifferenceReason>No Difference</DisciplineActionLengthDifferenceReason>
		<StudentReference>
			<StudentIdentity>
				<StudentUniqueStateId>604892</StudentUniqueStateId>
			</StudentIdentity>
		</StudentReference>
		<DisciplineIncidentReference>
			<DisciplineIncidentIdentity>
				<IncidentIdentifier>12</IncidentIdentifier>
				<StateOrganizationId>255901001</StateOrganizationId>
			</DisciplineIncidentIdentity>
		</DisciplineIncidentReference>
		<ResponsibilitySchoolReference>
			<EducationalOrgIdentity>
				<StateOrganizationId>255901001</StateOrganizationId>
			</EducationalOrgIdentity>
		</ResponsibilitySchoolReference>
	</DisciplineAction>
	<DisciplineAction id="DSCActionID_13_13">
		<DisciplineActionIdentifier>13</DisciplineActionIdentifier>
		<Disciplines>
			<CodeValue>6</CodeValue>
			<ShortDescription>ISS</ShortDescription>
		</Disciplines>
		<DisciplineDate>2011-01-28</DisciplineDate>
		<DisciplineActionLength>1</DisciplineActionLength>
		<ActualDisciplineActionLength>1</ActualDisciplineActionLength>
		<DisciplineActionLengthDifferenceReason>No Difference</DisciplineActionLengthDifferenceReason>
		<StudentReference>
			<StudentIdentity>
				<StudentUniqueStateId>605121</StudentUniqueStateId>
			</StudentIdentity>
		</StudentReference>
		<DisciplineIncidentReference>
			<DisciplineIncidentIdentity>
				<IncidentIdentifier>13</IncidentIdentifier>
				<StateOrganizationId>255901001</StateOrganizationId>
			</DisciplineIncidentIdentity>
		</DisciplineIncidentReference>
		<ResponsibilitySchoolReference>
			<EducationalOrgIdentity>
				<StateOrganizationId>255901001</StateOrganizationId>
			</EducationalOrgIdentity>
		</ResponsibilitySchoolReference>
	</DisciplineAction>
	<DisciplineAction id="DSCActionID_13_24">
		<DisciplineActionIdentifier>24</DisciplineActionIdentifier>
		<Disciplines>
			<CodeValue>PRT</CodeValue>
			<ShortDescription>Parent Conf</ShortDescription>
		</Disciplines>
		<DisciplineDate>2011-01-28</DisciplineDate>
		<DisciplineActionLength>1</DisciplineActionLength>
		<ActualDisciplineActionLength>1</ActualDisciplineActionLength>
		<DisciplineActionLengthDifferenceReason>No Difference</DisciplineActionLengthDifferenceReason>
		<StudentReference>
			<StudentIdentity>
				<StudentUniqueStateId>605121</StudentUniqueStateId>
			</StudentIdentity>
		</StudentReference>
		<DisciplineIncidentReference>
			<DisciplineIncidentIdentity>
				<IncidentIdentifier>13</IncidentIdentifier>
				<StateOrganizationId>255901001</StateOrganizationId>
			</DisciplineIncidentIdentity>
		</DisciplineIncidentReference>
		<ResponsibilitySchoolReference>
			<EducationalOrgIdentity>
				<StateOrganizationId>255901001</StateOrganizationId>
			</EducationalOrgIdentity>
		</ResponsibilitySchoolReference>
	</DisciplineAction>
	<DisciplineAction id="DSCActionID_14_14">
		<DisciplineActionIdentifier>14</DisciplineActionIdentifier>
		<Disciplines>
			<CodeValue>6</CodeValue>
			<ShortDescription>ISS</ShortDescription>
		</Disciplines>
		<DisciplineDate>2011-04-18</DisciplineDate>
		<DisciplineActionLength>1</DisciplineActionLength>
		<ActualDisciplineActionLength>1</ActualDisciplineActionLength>
		<DisciplineActionLengthDifferenceReason>No Difference</DisciplineActionLengthDifferenceReason>
		<StudentReference>
			<StudentIdentity>
				<StudentUniqueStateId>605417</StudentUniqueStateId>
			</StudentIdentity>
		</StudentReference>
		<DisciplineIncidentReference>
			<DisciplineIncidentIdentity>
				<IncidentIdentifier>14</IncidentIdentifier>
				<StateOrganizationId>255901001</StateOrganizationId>
			</DisciplineIncidentIdentity>
		</DisciplineIncidentReference>
		<ResponsibilitySchoolReference>
			<EducationalOrgIdentity>
				<StateOrganizationId>255901001</StateOrganizationId>
			</EducationalOrgIdentity>
		</ResponsibilitySchoolReference>
	</DisciplineAction>
	<DisciplineAction id="DSCActionID_15_15">
		<DisciplineActionIdentifier>15</DisciplineActionIdentifier>
		<Disciplines>
			<CodeValue>6</CodeValue>
			<ShortDescription>ISS</ShortDescription>
		</Disciplines>
		<DisciplineDate>2011-02-02</DisciplineDate>
		<DisciplineActionLength>1</DisciplineActionLength>
		<ActualDisciplineActionLength>1</ActualDisciplineActionLength>
		<DisciplineActionLengthDifferenceReason>No Difference</DisciplineActionLengthDifferenceReason>
		<StudentReference>
			<StudentIdentity>
				<StudentUniqueStateId>605370</StudentUniqueStateId>
			</StudentIdentity>
		</StudentReference>
		<DisciplineIncidentReference>
			<DisciplineIncidentIdentity>
				<IncidentIdentifier>15</IncidentIdentifier>
				<StateOrganizationId>255901001</StateOrganizationId>
			</DisciplineIncidentIdentity>
		</DisciplineIncidentReference>
		<ResponsibilitySchoolReference>
			<EducationalOrgIdentity>
				<StateOrganizationId>255901001</StateOrganizationId>
			</EducationalOrgIdentity>
		</ResponsibilitySchoolReference>
	</DisciplineAction>
	<DisciplineAction id="DSCActionID_16_16">
		<DisciplineActionIdentifier>16</DisciplineActionIdentifier>
		<Disciplines>
			<CodeValue>6</CodeValue>
			<ShortDescription>ISS</ShortDescription>
		</Disciplines>
		<DisciplineDate>2010-12-16</DisciplineDate>
		<DisciplineActionLength>1</DisciplineActionLength>
		<ActualDisciplineActionLength>1</ActualDisciplineActionLength>
		<DisciplineActionLengthDifferenceReason>No Difference</DisciplineActionLengthDifferenceReason>
		<StudentReference>
			<StudentIdentity>
				<StudentUniqueStateId>605568</StudentUniqueStateId>
			</StudentIdentity>
		</StudentReference>
		<DisciplineIncidentReference>
			<DisciplineIncidentIdentity>
				<IncidentIdentifier>16</IncidentIdentifier>
				<StateOrganizationId>255901001</StateOrganizationId>
			</DisciplineIncidentIdentity>
		</DisciplineIncidentReference>
		<ResponsibilitySchoolReference>
			<EducationalOrgIdentity>
				<StateOrganizationId>255901001</StateOrganizationId>
			</EducationalOrgIdentity>
		</ResponsibilitySchoolReference>
	</DisciplineAction>
	<DisciplineAction id="DSCActionID_17_17">
		<DisciplineActionIdentifier>17</DisciplineActionIdentifier>
		<Disciplines>
			<CodeValue>6</CodeValue>
			<ShortDescription>ISS</ShortDescription>
		</Disciplines>
		<DisciplineDate>2011-01-04</DisciplineDate>
		<DisciplineActionLength>1</DisciplineActionLength>
		<ActualDisciplineActionLength>1</ActualDisciplineActionLength>
		<DisciplineActionLengthDifferenceReason>No Difference</DisciplineActionLengthDifferenceReason>
		<StudentReference>
			<StudentIdentity>
				<StudentUniqueStateId>605522</StudentUniqueStateId>
			</StudentIdentity>
		</StudentReference>
		<DisciplineIncidentReference>
			<DisciplineIncidentIdentity>
				<IncidentIdentifier>17</IncidentIdentifier>
				<StateOrganizationId>255901001</StateOrganizationId>
			</DisciplineIncidentIdentity>
		</DisciplineIncidentReference>
		<ResponsibilitySchoolReference>
			<EducationalOrgIdentity>
				<StateOrganizationId>255901001</StateOrganizationId>
			</EducationalOrgIdentity>
		</ResponsibilitySchoolReference>
	</DisciplineAction>
	<DisciplineAction id="DSCActionID_18_18">
		<DisciplineActionIdentifier>18</DisciplineActionIdentifier>
		<Disciplines>
			<CodeValue>5</CodeValue>
			<ShortDescription>OSS</ShortDescription>
		</Disciplines>
		<DisciplineDate>2011-01-18</DisciplineDate>
		<DisciplineActionLength>3</DisciplineActionLength>
		<ActualDisciplineActionLength>3</ActualDisciplineActionLength>
		<DisciplineActionLengthDifferenceReason>No Difference</DisciplineActionLengthDifferenceReason>
		<StudentReference>
			<StudentIdentity>
				<StudentUniqueStateId>604848</StudentUniqueStateId>
			</StudentIdentity>
		</StudentReference>
		<DisciplineIncidentReference>
			<DisciplineIncidentIdentity>
				<IncidentIdentifier>18</IncidentIdentifier>
				<StateOrganizationId>255901001</StateOrganizationId>
			</DisciplineIncidentIdentity>
		</DisciplineIncidentReference>
		<ResponsibilitySchoolReference>
			<EducationalOrgIdentity>
				<StateOrganizationId>255901001</StateOrganizationId>
			</EducationalOrgIdentity>
		</ResponsibilitySchoolReference>
	</DisciplineAction>
	<DisciplineAction id="DSCActionID_18_25">
		<DisciplineActionIdentifier>25</DisciplineActionIdentifier>
		<Disciplines>
			<CodeValue>ADM</CodeValue>
			<ShortDescription>Couns Admin</ShortDescription>
		</Disciplines>
		<DisciplineDate>2011-01-18</DisciplineDate>
		<DisciplineActionLength>3</DisciplineActionLength>
		<ActualDisciplineActionLength>3</ActualDisciplineActionLength>
		<DisciplineActionLengthDifferenceReason>No Difference</DisciplineActionLengthDifferenceReason>
		<StudentReference>
			<StudentIdentity>
				<StudentUniqueStateId>604848</StudentUniqueStateId>
			</StudentIdentity>
		</StudentReference>
		<DisciplineIncidentReference>
			<DisciplineIncidentIdentity>
				<IncidentIdentifier>18</IncidentIdentifier>
				<StateOrganizationId>255901001</StateOrganizationId>
			</DisciplineIncidentIdentity>
		</DisciplineIncidentReference>
		<ResponsibilitySchoolReference>
			<EducationalOrgIdentity>
				<StateOrganizationId>255901001</StateOrganizationId>
			</EducationalOrgIdentity>
		</ResponsibilitySchoolReference>
	</DisciplineAction>
	<DisciplineAction id="DSCActionID_19_19">
		<DisciplineActionIdentifier>19</DisciplineActionIdentifier>
		<Disciplines>
			<CodeValue>5</CodeValue>
			<ShortDescription>OSS</ShortDescription>
		</Disciplines>
		<DisciplineDate>2011-01-13</DisciplineDate>
		<DisciplineActionLength>5</DisciplineActionLength>
		<ActualDisciplineActionLength>5</ActualDisciplineActionLength>
		<DisciplineActionLengthDifferenceReason>No Difference</DisciplineActionLengthDifferenceReason>
		<StudentReference>
			<StudentIdentity>
				<StudentUniqueStateId>605477</StudentUniqueStateId>
			</StudentIdentity>
		</StudentReference>
		<DisciplineIncidentReference>
			<DisciplineIncidentIdentity>
				<IncidentIdentifier>19</IncidentIdentifier>
				<StateOrganizationId>255901001</StateOrganizationId>
			</DisciplineIncidentIdentity>
		</DisciplineIncidentReference>
		<ResponsibilitySchoolReference>
			<EducationalOrgIdentity>
				<StateOrganizationId>255901001</StateOrganizationId>
			</EducationalOrgIdentity>
		</ResponsibilitySchoolReference>
	</DisciplineAction>
	<DisciplineAction id="DSCActionID_20_20">
		<DisciplineActionIdentifier>20</DisciplineActionIdentifier>
		<Disciplines>
			<CodeValue>5</CodeValue>
			<ShortDescription>OSS</ShortDescription>
		</Disciplines>
		<DisciplineDate>2011-03-28</DisciplineDate>
		<DisciplineActionLength>5</DisciplineActionLength>
		<ActualDisciplineActionLength>5</ActualDisciplineActionLength>
		<DisciplineActionLengthDifferenceReason>No Difference</DisciplineActionLengthDifferenceReason>
		<StudentReference>
			<StudentIdentity>
				<StudentUniqueStateId>605035</StudentUniqueStateId>
			</StudentIdentity>
		</StudentReference>
		<DisciplineIncidentReference>
			<DisciplineIncidentIdentity>
				<IncidentIdentifier>20</IncidentIdentifier>
				<StateOrganizationId>255901001</StateOrganizationId>
			</DisciplineIncidentIdentity>
		</DisciplineIncidentReference>
		<ResponsibilitySchoolReference>
			<EducationalOrgIdentity>
				<StateOrganizationId>255901001</StateOrganizationId>
			</EducationalOrgIdentity>
		</ResponsibilitySchoolReference>
	</DisciplineAction>
	<DisciplineAction id="DSCActionID_21_21">
		<DisciplineActionIdentifier>21</DisciplineActionIdentifier>
		<Disciplines>
			<CodeValue>54</CodeValue>
			<ShortDescription>PL ALT PG/SED</ShortDescription>
		</Disciplines>
		<DisciplineDate>2011-05-02</DisciplineDate>
		<DisciplineActionLengthDifferenceReason>No Difference</DisciplineActionLengthDifferenceReason>
		<StudentReference>
			<StudentIdentity>
				<StudentUniqueStateId>605389</StudentUniqueStateId>
			</StudentIdentity>
		</StudentReference>
		<DisciplineIncidentReference>
			<DisciplineIncidentIdentity>
				<IncidentIdentifier>21</IncidentIdentifier>
				<StateOrganizationId>255901001</StateOrganizationId>
			</DisciplineIncidentIdentity>
		</DisciplineIncidentReference>
		<ResponsibilitySchoolReference>
			<EducationalOrgIdentity>
				<StateOrganizationId>255901001</StateOrganizationId>
			</EducationalOrgIdentity>
		</ResponsibilitySchoolReference>
	</DisciplineAction>
	<DisciplineAction id="DSCActionID_8_8">
		<DisciplineActionIdentifier>8</DisciplineActionIdentifier>
		<Disciplines>
			<CodeValue>5</CodeValue>
			<ShortDescription>OSS</ShortDescription>
		</Disciplines>
		<DisciplineDate>2011-01-07</DisciplineDate>
		<DisciplineActionLength>3</DisciplineActionLength>
		<ActualDisciplineActionLength>3</ActualDisciplineActionLength>
		<DisciplineActionLengthDifferenceReason>No Difference</DisciplineActionLengthDifferenceReason>
		<StudentReference>
			<StudentIdentity>
				<StudentUniqueStateId>605274</StudentUniqueStateId>
			</StudentIdentity>
		</StudentReference>
		<DisciplineIncidentReference>
			<DisciplineIncidentIdentity>
				<IncidentIdentifier>8</IncidentIdentifier>
				<StateOrganizationId>255901001</StateOrganizationId>
			</DisciplineIncidentIdentity>
		</DisciplineIncidentReference>
		<ResponsibilitySchoolReference>
			<EducationalOrgIdentity>
				<StateOrganizationId>255901001</StateOrganizationId>
			</EducationalOrgIdentity>
		</ResponsibilitySchoolReference>
	</DisciplineAction>
	<DisciplineAction id="DSCActionID_9_23">
		<DisciplineActionIdentifier>23</DisciplineActionIdentifier>
		<Disciplines>
			<CodeValue>ADM</CodeValue>
			<ShortDescription>Couns Admin</ShortDescription>
		</Disciplines>
		<DisciplineDate>2011-05-13</DisciplineDate>
		<DisciplineActionLength>1</DisciplineActionLength>
		<ActualDisciplineActionLength>1</ActualDisciplineActionLength>
		<DisciplineActionLengthDifferenceReason>No Difference</DisciplineActionLengthDifferenceReason>
		<StudentReference>
			<StudentIdentity>
				<StudentUniqueStateId>605262</StudentUniqueStateId>
			</StudentIdentity>
		</StudentReference>
		<DisciplineIncidentReference>
			<DisciplineIncidentIdentity>
				<IncidentIdentifier>9</IncidentIdentifier>
				<StateOrganizationId>255901001</StateOrganizationId>
			</DisciplineIncidentIdentity>
		</DisciplineIncidentReference>
		<ResponsibilitySchoolReference>
			<EducationalOrgIdentity>
				<StateOrganizationId>255901001</StateOrganizationId>
			</EducationalOrgIdentity>
		</ResponsibilitySchoolReference>
	</DisciplineAction>
	<DisciplineAction id="DSCActionID_9_9">
		<DisciplineActionIdentifier>9</DisciplineActionIdentifier>
		<Disciplines>
			<CodeValue>5</CodeValue>
			<ShortDescription>OSS</ShortDescription>
		</Disciplines>
		<DisciplineDate>2011-05-13</DisciplineDate>
		<DisciplineActionLength>1</DisciplineActionLength>
		<ActualDisciplineActionLength>1</ActualDisciplineActionLength>
		<DisciplineActionLengthDifferenceReason>No Difference</DisciplineActionLengthDifferenceReason>
		<StudentReference>
			<StudentIdentity>
				<StudentUniqueStateId>605262</StudentUniqueStateId>
			</StudentIdentity>
		</StudentReference>
		<DisciplineIncidentReference>
			<DisciplineIncidentIdentity>
				<IncidentIdentifier>9</IncidentIdentifier>
				<StateOrganizationId>255901001</StateOrganizationId>
			</DisciplineIncidentIdentity>
		</DisciplineIncidentReference>
		<ResponsibilitySchoolReference>
			<EducationalOrgIdentity>
				<StateOrganizationId>255901001</StateOrganizationId>
			</EducationalOrgIdentity>
		</ResponsibilitySchoolReference>
	</DisciplineAction>
	<DisciplineAction id="DSCActionID_3_3">
		<DisciplineActionIdentifier>3</DisciplineActionIdentifier>
		<Disciplines>
			<CodeValue>5</CodeValue>
			<ShortDescription>OSS</ShortDescription>
		</Disciplines>
		<DisciplineDate>2011-04-26</DisciplineDate>
		<DisciplineActionLength>1</DisciplineActionLength>
		<ActualDisciplineActionLength>1</ActualDisciplineActionLength>
		<DisciplineActionLengthDifferenceReason>No Difference</DisciplineActionLengthDifferenceReason>
		<StudentReference>
			<StudentIdentity>
				<StudentUniqueStateId>605040</StudentUniqueStateId>
			</StudentIdentity>
		</StudentReference>
		<DisciplineIncidentReference>
			<DisciplineIncidentIdentity>
				<IncidentIdentifier>3</IncidentIdentifier>
				<StateOrganizationId>255901044</StateOrganizationId>
			</DisciplineIncidentIdentity>
		</DisciplineIncidentReference>
		<ResponsibilitySchoolReference>
			<EducationalOrgIdentity>
				<StateOrganizationId>255901044</StateOrganizationId>
			</EducationalOrgIdentity>
		</ResponsibilitySchoolReference>
	</DisciplineAction>
	<DisciplineAction id="DSCActionID_4_4">
		<DisciplineActionIdentifier>4</DisciplineActionIdentifier>
		<Disciplines>
			<CodeValue>6</CodeValue>
			<ShortDescription>ISS</ShortDescription>
		</Disciplines>
		<DisciplineDate>2011-05-03</DisciplineDate>
		<DisciplineActionLength>1</DisciplineActionLength>
		<ActualDisciplineActionLength>1</ActualDisciplineActionLength>
		<DisciplineActionLengthDifferenceReason>No Difference</DisciplineActionLengthDifferenceReason>
		<StudentReference>
			<StudentIdentity>
				<StudentUniqueStateId>605403</StudentUniqueStateId>
			</StudentIdentity>
		</StudentReference>
		<DisciplineIncidentReference>
			<DisciplineIncidentIdentity>
				<IncidentIdentifier>4</IncidentIdentifier>
				<StateOrganizationId>255901044</StateOrganizationId>
			</DisciplineIncidentIdentity>
		</DisciplineIncidentReference>
		<ResponsibilitySchoolReference>
			<EducationalOrgIdentity>
				<StateOrganizationId>255901044</StateOrganizationId>
			</EducationalOrgIdentity>
		</ResponsibilitySchoolReference>
	</DisciplineAction>
	<DisciplineAction id="DSCActionID_5_5">
		<DisciplineActionIdentifier>5</DisciplineActionIdentifier>
		<Disciplines>
			<CodeValue>6</CodeValue>
			<ShortDescription>ISS</ShortDescription>
		</Disciplines>
		<DisciplineDate>2010-10-28</DisciplineDate>
		<DisciplineActionLength>1</DisciplineActionLength>
		<ActualDisciplineActionLength>1</ActualDisciplineActionLength>
		<DisciplineActionLengthDifferenceReason>No Difference</DisciplineActionLengthDifferenceReason>
		<StudentReference>
			<StudentIdentity>
				<StudentUniqueStateId>605772</StudentUniqueStateId>
			</StudentIdentity>
		</StudentReference>
		<DisciplineIncidentReference>
			<DisciplineIncidentIdentity>
				<IncidentIdentifier>5</IncidentIdentifier>
				<StateOrganizationId>255901044</StateOrganizationId>
			</DisciplineIncidentIdentity>
		</DisciplineIncidentReference>
		<ResponsibilitySchoolReference>
			<EducationalOrgIdentity>
				<StateOrganizationId>255901044</StateOrganizationId>
			</EducationalOrgIdentity>
		</ResponsibilitySchoolReference>
	</DisciplineAction>
	<DisciplineAction id="DSCActionID_6_22">
		<DisciplineActionIdentifier>22</DisciplineActionIdentifier>
		<Disciplines>
			<CodeValue>PRT</CodeValue>
			<ShortDescription>Parent Conf</ShortDescription>
		</Disciplines>
		<DisciplineDate>2010-12-13</DisciplineDate>
		<DisciplineActionLength>1</DisciplineActionLength>
		<ActualDisciplineActionLength>1</ActualDisciplineActionLength>
		<DisciplineActionLengthDifferenceReason>No Difference</DisciplineActionLengthDifferenceReason>
		<StudentReference>
			<StudentIdentity>
				<StudentUniqueStateId>605220</StudentUniqueStateId>
			</StudentIdentity>
		</StudentReference>
		<DisciplineIncidentReference>
			<DisciplineIncidentIdentity>
				<IncidentIdentifier>6</IncidentIdentifier>
				<StateOrganizationId>255901044</StateOrganizationId>
			</DisciplineIncidentIdentity>
		</DisciplineIncidentReference>
		<ResponsibilitySchoolReference>
			<EducationalOrgIdentity>
				<StateOrganizationId>255901044</StateOrganizationId>
			</EducationalOrgIdentity>
		</ResponsibilitySchoolReference>
	</DisciplineAction>
	<DisciplineAction id="DSCActionID_6_6">
		<DisciplineActionIdentifier>6</DisciplineActionIdentifier>
		<Disciplines>
			<CodeValue>6</CodeValue>
			<ShortDescription>ISS</ShortDescription>
		</Disciplines>
		<DisciplineDate>2010-12-13</DisciplineDate>
		<DisciplineActionLength>1</DisciplineActionLength>
		<ActualDisciplineActionLength>1</ActualDisciplineActionLength>
		<DisciplineActionLengthDifferenceReason>No Difference</DisciplineActionLengthDifferenceReason>
		<StudentReference>
			<StudentIdentity>
				<StudentUniqueStateId>605220</StudentUniqueStateId>
			</StudentIdentity>
		</StudentReference>
		<DisciplineIncidentReference>
			<DisciplineIncidentIdentity>
				<IncidentIdentifier>6</IncidentIdentifier>
				<StateOrganizationId>255901044</StateOrganizationId>
			</DisciplineIncidentIdentity>
		</DisciplineIncidentReference>
		<ResponsibilitySchoolReference>
			<EducationalOrgIdentity>
				<StateOrganizationId>255901044</StateOrganizationId>
			</EducationalOrgIdentity>
		</ResponsibilitySchoolReference>
	</DisciplineAction>
	<DisciplineAction id="DSCActionID_7_7">
		<DisciplineActionIdentifier>7</DisciplineActionIdentifier>
		<Disciplines>
			<CodeValue>6</CodeValue>
			<ShortDescription>ISS</ShortDescription>
		</Disciplines>
		<DisciplineDate>2011-02-09</DisciplineDate>
		<DisciplineActionLength>1</DisciplineActionLength>
		<ActualDisciplineActionLength>1</ActualDisciplineActionLength>
		<DisciplineActionLengthDifferenceReason>No Difference</DisciplineActionLengthDifferenceReason>
		<StudentReference>
			<StudentIdentity>
				<StudentUniqueStateId>604861</StudentUniqueStateId>
			</StudentIdentity>
		</StudentReference>
		<DisciplineIncidentReference>
			<DisciplineIncidentIdentity>
				<IncidentIdentifier>7</IncidentIdentifier>
				<StateOrganizationId>255901044</StateOrganizationId>
			</DisciplineIncidentIdentity>
		</DisciplineIncidentReference>
		<ResponsibilitySchoolReference>
			<EducationalOrgIdentity>
				<StateOrganizationId>255901044</StateOrganizationId>
			</EducationalOrgIdentity>
		</ResponsibilitySchoolReference>
	</DisciplineAction>
	<DisciplineAction id="DSCActionID_1_1">
		<DisciplineActionIdentifier>1</DisciplineActionIdentifier>
		<Disciplines>
			<CodeValue>6</CodeValue>
			<ShortDescription>ISS</ShortDescription>
		</Disciplines>
		<DisciplineDate>2011-02-09</DisciplineDate>
		<DisciplineActionLength>1</DisciplineActionLength>
		<ActualDisciplineActionLength>1</ActualDisciplineActionLength>
		<DisciplineActionLengthDifferenceReason>No Difference</DisciplineActionLengthDifferenceReason>
		<StudentReference>
			<StudentIdentity>
				<StudentUniqueStateId>605275</StudentUniqueStateId>
			</StudentIdentity>
		</StudentReference>
		<DisciplineIncidentReference>
			<DisciplineIncidentIdentity>
				<IncidentIdentifier>1</IncidentIdentifier>
				<StateOrganizationId>255901107</StateOrganizationId>
			</DisciplineIncidentIdentity>
		</DisciplineIncidentReference>
		<ResponsibilitySchoolReference>
			<EducationalOrgIdentity>
				<StateOrganizationId>255901107</StateOrganizationId>
			</EducationalOrgIdentity>
		</ResponsibilitySchoolReference>
	</DisciplineAction>
	<DisciplineAction id="DSCActionID_2_2">
		<DisciplineActionIdentifier>2</DisciplineActionIdentifier>
		<Disciplines>
			<CodeValue>6</CodeValue>
			<ShortDescription>ISS</ShortDescription>
		</Disciplines>
		<DisciplineDate>2011-02-18</DisciplineDate>
		<DisciplineActionLength>1</DisciplineActionLength>
		<ActualDisciplineActionLength>1</ActualDisciplineActionLength>
		<DisciplineActionLengthDifferenceReason>No Difference</DisciplineActionLengthDifferenceReason>
		<StudentReference>
			<StudentIdentity>
				<StudentUniqueStateId>605565</StudentUniqueStateId>
			</StudentIdentity>
		</StudentReference>
		<DisciplineIncidentReference>
			<DisciplineIncidentIdentity>
				<IncidentIdentifier>2</IncidentIdentifier>
				<StateOrganizationId>255901107</StateOrganizationId>
			</DisciplineIncidentIdentity>
		</DisciplineIncidentReference>
		<ResponsibilitySchoolReference>
			<EducationalOrgIdentity>
				<StateOrganizationId>255901107</StateOrganizationId>
			</EducationalOrgIdentity>
		</ResponsibilitySchoolReference>
	</DisciplineAction>
	<BehaviorDescriptor>
		<CodeValue>21</CodeValue>
		<ShortDescription>CONDUCT CODE</ShortDescription>
		<Description>CONDUCT CODE VIOLATION</Description>
		<BehaviorCategory>School Code of Conduct</BehaviorCategory>
		<EducationOrganizationReference>
			<EducationalOrgIdentity>
				<StateOrganizationId>255901001</StateOrganizationId>
			</EducationalOrgIdentity>
		</EducationOrganizationReference>
	</BehaviorDescriptor>
	<BehaviorDescriptor>
		<CodeValue>22</CodeValue>
		<ShortDescription>CRIM MISCHIEF</ShortDescription>
		<Description>CRIMINAL MISCHIEF</Description>
		<BehaviorCategory>State Offense</BehaviorCategory>
		<EducationOrganizationReference>
			<EducationalOrgIdentity>
				<StateOrganizationId>255901001</StateOrganizationId>
			</EducationalOrgIdentity>
		</EducationOrganizationReference>
	</BehaviorDescriptor>
	<BehaviorDescriptor>
		<CodeValue>34</CodeValue>
		<ShortDescription>GANG VIOLENCE</ShortDescription>
		<Description>GANG VIOLENCE</Description>
		<BehaviorCategory>State Offense</BehaviorCategory>
		<EducationOrganizationReference>
			<EducationalOrgIdentity>
				<StateOrganizationId>255901001</StateOrganizationId>
			</EducationalOrgIdentity>
		</EducationOrganizationReference>
	</BehaviorDescriptor>
	<BehaviorDescriptor>
		<CodeValue>52</CodeValue>
		<ShortDescription>ILLEGAL KNIFE</ShortDescription>
		<Description>ILLEGAL KNIFE, CLUB, 300FT</Description>
		<BehaviorCategory>State Offense</BehaviorCategory>
		<EducationOrganizationReference>
			<EducationalOrgIdentity>
				<StateOrganizationId>255901001</StateOrganizationId>
			</EducationalOrgIdentity>
		</EducationOrganizationReference>
	</BehaviorDescriptor>
	<BehaviorDescriptor>
		<CodeValue>4</CodeValue>
		<ShortDescription>CONTL SUBSTANCE</ShortDescription>
		<Description>CONTROLLED SUBSTANCE</Description>
		<BehaviorCategory>State Offense</BehaviorCategory>
		<EducationOrganizationReference>
			<EducationalOrgIdentity>
				<StateOrganizationId>255901001</StateOrganizationId>
			</EducationalOrgIdentity>
		</EducationOrganizationReference>
	</BehaviorDescriptor>
	<BehaviorDescriptor>
		<CodeValue>5</CodeValue>
		<ShortDescription>ALCOHOL</ShortDescription>
		<Description>ALCOHOL POSSES/USE/SOLD</Description>
		<BehaviorCategory>State Offense</BehaviorCategory>
		<EducationOrganizationReference>
			<EducationalOrgIdentity>
				<StateOrganizationId>255901001</StateOrganizationId>
			</EducationalOrgIdentity>
		</EducationOrganizationReference>
	</BehaviorDescriptor>
	<BehaviorDescriptor>
		<CodeValue>21</CodeValue>
		<ShortDescription>CONDUCT CODE</ShortDescription>
		<Description>CONDUCT CODE VIOLATION</Description>
		<BehaviorCategory>School Code of Conduct</BehaviorCategory>
		<EducationOrganizationReference>
			<EducationalOrgIdentity>
				<StateOrganizationId>255901044</StateOrganizationId>
			</EducationalOrgIdentity>
		</EducationOrganizationReference>
	</BehaviorDescriptor>
	<BehaviorDescriptor>
		<CodeValue>5</CodeValue>
		<ShortDescription>ALCOHOL</ShortDescription>
		<Description>ALCOHOL POSSES/USE/SOLD</Description>
		<BehaviorCategory>State Offense</BehaviorCategory>
		<EducationOrganizationReference>
			<EducationalOrgIdentity>
				<StateOrganizationId>255901044</StateOrganizationId>
			</EducationalOrgIdentity>
		</EducationOrganizationReference>
	</BehaviorDescriptor>
	<BehaviorDescriptor>
		<CodeValue>21</CodeValue>
		<ShortDescription>CONDUCT CODE</ShortDescription>
		<Description>CONDUCT CODE VIOLATION</Description>
		<BehaviorCategory>School Code of Conduct</BehaviorCategory>
		<EducationOrganizationReference>
			<EducationalOrgIdentity>
				<StateOrganizationId>255901107</StateOrganizationId>
			</EducationalOrgIdentity>
		</EducationOrganizationReference>
	</BehaviorDescriptor>
	<DisciplineDescriptor>
		<CodeValue>6</CodeValue>
		<ShortDescription>ISS</ShortDescription>
		<Description>IN SCHOOL SUSPENSION</Description>
		<EducationOrganizationReference>
			<EducationalOrgIdentity>
				<StateOrganizationId>255901001</StateOrganizationId>
			</EducationalOrgIdentity>
		</EducationOrganizationReference>
	</DisciplineDescriptor>
	<DisciplineDescriptor>
		<CodeValue>PRT</CodeValue>
		<ShortDescription>Parent Conf</ShortDescription>
		<Description>Parent Conference</Description>
		<EducationOrganizationReference>
			<EducationalOrgIdentity>
				<StateOrganizationId>255901001</StateOrganizationId>
			</EducationalOrgIdentity>
		</EducationOrganizationReference>
	</DisciplineDescriptor>
	<DisciplineDescriptor>
		<CodeValue>5</CodeValue>
		<ShortDescription>OSS</ShortDescription>
		<Description>OUT OF SCHOOL SUSPENSION</Description>
		<EducationOrganizationReference>
			<EducationalOrgIdentity>
				<StateOrganizationId>255901001</StateOrganizationId>
			</EducationalOrgIdentity>
		</EducationOrganizationReference>
	</DisciplineDescriptor>
	<DisciplineDescriptor>
		<CodeValue>ADM</CodeValue>
		<ShortDescription>Couns Admin</ShortDescription>
		<Description>Counseled by Administrator</Description>
		<EducationOrganizationReference>
			<EducationalOrgIdentity>
				<StateOrganizationId>255901001</StateOrganizationId>
			</EducationalOrgIdentity>
		</EducationOrganizationReference>
	</DisciplineDescriptor>
	<DisciplineDescriptor>
		<CodeValue>54</CodeValue>
		<ShortDescription>PL ALT PG/SED</ShortDescription>
		<Description>PLACED IN ALT ED PGM/ SP ED</Description>
		<EducationOrganizationReference>
			<EducationalOrgIdentity>
				<StateOrganizationId>255901001</StateOrganizationId>
			</EducationalOrgIdentity>
		</EducationOrganizationReference>
	</DisciplineDescriptor>
	<DisciplineDescriptor>
		<CodeValue>5</CodeValue>
		<ShortDescription>OSS</ShortDescription>
		<Description>OUT OF SCHOOL SUSPENSION</Description>
		<EducationOrganizationReference>
			<EducationalOrgIdentity>
				<StateOrganizationId>255901044</StateOrganizationId>
			</EducationalOrgIdentity>
		</EducationOrganizationReference>
	</DisciplineDescriptor>
	<DisciplineDescriptor>
		<CodeValue>6</CodeValue>
		<ShortDescription>ISS</ShortDescription>
		<Description>IN SCHOOL SUSPENSION</Description>
		<EducationOrganizationReference>
			<EducationalOrgIdentity>
				<StateOrganizationId>255901044</StateOrganizationId>
			</EducationalOrgIdentity>
		</EducationOrganizationReference>
	</DisciplineDescriptor>
	<DisciplineDescriptor>
		<CodeValue>PRT</CodeValue>
		<ShortDescription>Parent Conf</ShortDescription>
		<Description>Parent Conference</Description>
		<EducationOrganizationReference>
			<EducationalOrgIdentity>
				<StateOrganizationId>255901044</StateOrganizationId>
			</EducationalOrgIdentity>
		</EducationOrganizationReference>
	</DisciplineDescriptor>
	<DisciplineDescriptor>
		<CodeValue>6</CodeValue>
		<ShortDescription>ISS</ShortDescription>
		<Description>IN SCHOOL SUSPENSION</Description>
		<EducationOrganizationReference>
			<EducationalOrgIdentity>
				<StateOrganizationId>255901107</StateOrganizationId>
			</EducationalOrgIdentity>
		</EducationOrganizationReference>
	</DisciplineDescriptor>
</InterchangeStudentDiscipline>
