<?xml version="1.0" encoding="UTF-8"?>
<InterchangeStudentAssessment xsi:schemaLocation="http://ed-fi.org/0100 C:/Projects/TSDS/trunk/src/Etl/EdFi.Etl.EdFi/Ed-Fi/Interchange-StudentAssessment.xsd" xmlns="http://ed-fi.org/0100" xmlns:xsi="http://www.w3.org/2001/XMLSchema-instance">
	<StudentReference id="STU-604822">
		<StudentIdentity>
			<StudentUniqueStateId>604822</StudentUniqueStateId>
			<Name>
				<FirstName>Lisa</FirstName>
				<LastSurname>Woods</LastSurname>
			</Name>
			<BirthDate>1997-09-13</BirthDate>
			<Sex>Female</Sex>
		</StudentIdentity>
	</StudentReference>
	<StudentReference id="STU-604847">
		<StudentIdentity>
			<StudentUniqueStateId>604847</StudentUniqueStateId>
			<Name>
				<FirstName>Fannie</FirstName>
				<LastSurname>Medina</LastSurname>
			</Name>
			<BirthDate>1997-11-30</BirthDate>
			<Sex>Female</Sex>
		</StudentIdentity>
	</StudentReference>
	<StudentReference id="STU-604849">
		<StudentIdentity>
			<StudentUniqueStateId>604849</StudentUniqueStateId>
			<Name>
				<FirstName>Robert</FirstName>
				<LastSurname>Mckee</LastSurname>
			</Name>
			<BirthDate>1997-08-29</BirthDate>
			<Sex>Male</Sex>
		</StudentIdentity>
	</StudentReference>
	<StudentReference id="STU-604863">
		<StudentIdentity>
			<StudentUniqueStateId>604863</StudentUniqueStateId>
			<Name>
				<FirstName>Mary</FirstName>
				<LastSurname>Archer</LastSurname>
			</Name>
			<BirthDate>1997-05-30</BirthDate>
			<Sex>Female</Sex>
		</StudentIdentity>
	</StudentReference>
	<StudentReference id="STU-604874">
		<StudentIdentity>
			<StudentUniqueStateId>604874</StudentUniqueStateId>
			<Name>
				<FirstName>Kyle</FirstName>
				<LastSurname>Hughes</LastSurname>
			</Name>
			<BirthDate>1997-07-31</BirthDate>
			<Sex>Male</Sex>
		</StudentIdentity>
	</StudentReference>
	<StudentReference id="STU-604881">
		<StudentIdentity>
			<StudentUniqueStateId>604881</StudentUniqueStateId>
			<Name>
				<FirstName>Leonard</FirstName>
				<LastSurname>Mata</LastSurname>
			</Name>
			<BirthDate>1997-08-07</BirthDate>
			<Sex>Male</Sex>
		</StudentIdentity>
	</StudentReference>
	<StudentReference id="STU-604905">
		<StudentIdentity>
			<StudentUniqueStateId>604905</StudentUniqueStateId>
			<Name>
				<FirstName>Luz</FirstName>
				<LastSurname>Griffin</LastSurname>
			</Name>
			<BirthDate>1997-08-28</BirthDate>
			<Sex>Female</Sex>
		</StudentIdentity>
	</StudentReference>
	<StudentReference id="STU-604918">
		<StudentIdentity>
			<StudentUniqueStateId>604918</StudentUniqueStateId>
			<Name>
				<FirstName>Peter</FirstName>
				<LastSurname>Nash</LastSurname>
			</Name>
			<BirthDate>1997-01-18</BirthDate>
			<Sex>Male</Sex>
		</StudentIdentity>
	</StudentReference>
	<StudentReference id="STU-604927">
		<StudentIdentity>
			<StudentUniqueStateId>604927</StudentUniqueStateId>
			<Name>
				<FirstName>Larry</FirstName>
				<LastSurname>Mahoney</LastSurname>
			</Name>
			<BirthDate>1997-03-30</BirthDate>
			<Sex>Male</Sex>
		</StudentIdentity>
	</StudentReference>
	<StudentReference id="STU-604938">
		<StudentIdentity>
			<StudentUniqueStateId>604938</StudentUniqueStateId>
			<Name>
				<FirstName>Roland</FirstName>
				<LastSurname>Phillips</LastSurname>
			</Name>
			<BirthDate>1997-10-30</BirthDate>
			<Sex>Male</Sex>
		</StudentIdentity>
	</StudentReference>
	<StudentReference id="STU-604940">
		<StudentIdentity>
			<StudentUniqueStateId>604940</StudentUniqueStateId>
			<Name>
				<FirstName>Terrance</FirstName>
				<LastSurname>Rivers</LastSurname>
			</Name>
			<BirthDate>1997-09-21</BirthDate>
			<Sex>Male</Sex>
		</StudentIdentity>
	</StudentReference>
	<StudentReference id="STU-604956">
		<StudentIdentity>
			<StudentUniqueStateId>604956</StudentUniqueStateId>
			<Name>
				<FirstName>Dana</FirstName>
				<LastSurname>Choi</LastSurname>
			</Name>
			<BirthDate>1997-08-05</BirthDate>
			<Sex>Female</Sex>
		</StudentIdentity>
	</StudentReference>
	<StudentReference id="STU-604969">
		<StudentIdentity>
			<StudentUniqueStateId>604969</StudentUniqueStateId>
			<Name>
				<FirstName>Stephen</FirstName>
				<LastSurname>Caldwell</LastSurname>
			</Name>
			<BirthDate>1997-12-22</BirthDate>
			<Sex>Male</Sex>
		</StudentIdentity>
	</StudentReference>
	<StudentReference id="STU-604974">
		<StudentIdentity>
			<StudentUniqueStateId>604974</StudentUniqueStateId>
			<Name>
				<FirstName>Olivia</FirstName>
				<LastSurname>Hardy</LastSurname>
			</Name>
			<BirthDate>1997-08-28</BirthDate>
			<Sex>Female</Sex>
		</StudentIdentity>
	</StudentReference>
	<AssessmentReference id="TA-3-ELA-9-1">
		<AssessmentIdentity>
			<AssessmentTitle>IB - English A1</AssessmentTitle>
			<AcademicSubject>ELA</AcademicSubject>
			<GradeLevelAssessed>Ninth grade</GradeLevelAssessed>
			<Version>1</Version>
		</AssessmentIdentity>
	</AssessmentReference>
	<AssessmentReference id="TA-13-Other-9-1">
		<AssessmentIdentity>
			<AssessmentTitle>IB - Spanish B</AssessmentTitle>
			<AcademicSubject>Other</AcademicSubject>
			<GradeLevelAssessed>Ninth grade</GradeLevelAssessed>
			<Version>1</Version>
		</AssessmentIdentity>
	</AssessmentReference>
	<AssessmentReference id="TA-7-SocialStudies-9-1">
		<AssessmentIdentity>
			<AssessmentTitle>IB - History Americas</AssessmentTitle>
			<AcademicSubject>Social Studies</AcademicSubject>
			<GradeLevelAssessed>Ninth grade</GradeLevelAssessed>
			<Version>1</Version>
		</AssessmentIdentity>
	</AssessmentReference>
	<AssessmentReference id="TA-2-Science-9-1">
		<AssessmentIdentity>
			<AssessmentTitle>IB - Chemistry</AssessmentTitle>
			<AcademicSubject>Science</AcademicSubject>
			<GradeLevelAssessed>Ninth grade</GradeLevelAssessed>
			<Version>1</Version>
		</AssessmentIdentity>
	</AssessmentReference>
	<AssessmentReference id="TA-10-Science-9-1">
		<AssessmentIdentity>
			<AssessmentTitle>IB - Physics</AssessmentTitle>
			<AcademicSubject>Science</AcademicSubject>
			<GradeLevelAssessed>Ninth grade</GradeLevelAssessed>
			<Version>1</Version>
		</AssessmentIdentity>
	</AssessmentReference>
	<AssessmentReference id="TA-11-Mathematics-9-1">
		<AssessmentIdentity>
			<AssessmentTitle>IB - Mathematics</AssessmentTitle>
			<AcademicSubject>Mathematics</AcademicSubject>
			<GradeLevelAssessed>Ninth grade</GradeLevelAssessed>
			<Version>1</Version>
		</AssessmentIdentity>
	</AssessmentReference>
	<AssessmentReference id="TA-1-Science-9-1">
		<AssessmentIdentity>
			<AssessmentTitle>IB - Biology</AssessmentTitle>
			<AcademicSubject>Science</AcademicSubject>
			<GradeLevelAssessed>Ninth grade</GradeLevelAssessed>
			<Version>1</Version>
		</AssessmentIdentity>
	</AssessmentReference>
	<AssessmentReference id="TA-9-Other-9-1">
		<AssessmentIdentity>
			<AssessmentTitle>IB - Psychology</AssessmentTitle>
			<AcademicSubject>Social Studies</AcademicSubject>
			<GradeLevelAssessed>Ninth grade</GradeLevelAssessed>
			<Version>1</Version>
		</AssessmentIdentity>
	</AssessmentReference>
	<AssessmentReference id="TA-4-Other-9-1">
		<AssessmentIdentity>
			<AssessmentTitle>IB - Film</AssessmentTitle>
			<AcademicSubject>Other</AcademicSubject>
			<GradeLevelAssessed>Ninth grade</GradeLevelAssessed>
			<Version>1</Version>
		</AssessmentIdentity>
	</AssessmentReference>
	<AssessmentReference id="TA-5-Other-9-1">
		<AssessmentIdentity>
			<AssessmentTitle>IB - French B</AssessmentTitle>
			<AcademicSubject>Other</AcademicSubject>
			<GradeLevelAssessed>Ninth grade</GradeLevelAssessed>
			<Version>1</Version>
		</AssessmentIdentity>
	</AssessmentReference>
	<AssessmentReference id="TA-12-Other-9-1">
		<AssessmentIdentity>
			<AssessmentTitle>IB - Music Gr.Perf</AssessmentTitle>
			<AcademicSubject>Other</AcademicSubject>
			<GradeLevelAssessed>Ninth grade</GradeLevelAssessed>
			<Version>1</Version>
		</AssessmentIdentity>
	</AssessmentReference>
	<AssessmentReference id="TA-15-Other-9-1">
		<AssessmentIdentity>
			<AssessmentTitle>IB - Visual Arts Option A</AssessmentTitle>
			<AcademicSubject>Other</AcademicSubject>
			<GradeLevelAssessed>Ninth grade</GradeLevelAssessed>
			<Version>1</Version>
		</AssessmentIdentity>
	</AssessmentReference>
	<StudentAssessment>
		<AdministrationDate>2010-05-01</AdministrationDate>
		<SerialNumber>1</SerialNumber>
		<AdministrationLanguage>English</AdministrationLanguage>
		<AdministrationEnvironment>Testing Center</AdministrationEnvironment>
		<RetestIndicator>Primary Administration</RetestIndicator>
		<ScoreResults AssessmentReportingMethod="Raw score">
			<Result>4</Result>
		</ScoreResults>
		<StudentReference ref="STU-604822"/>
		<AssessmentReference ref="TA-11-Mathematics-9-1"/>
	</StudentAssessment>
	<StudentAssessment>
		<AdministrationDate>2010-05-01</AdministrationDate>
		<SerialNumber>1</SerialNumber>
		<AdministrationLanguage>English</AdministrationLanguage>
		<AdministrationEnvironment>Testing Center</AdministrationEnvironment>
		<RetestIndicator>Primary Administration</RetestIndicator>
		<ScoreResults AssessmentReportingMethod="Raw score">
			<Result>4</Result>
		</ScoreResults>
		<StudentReference ref="STU-604847"/>
		<AssessmentReference ref="TA-9-Other-9-1"/>
	</StudentAssessment>
	<StudentAssessment>
		<AdministrationDate>2010-05-01</AdministrationDate>
		<SerialNumber>1</SerialNumber>
		<AdministrationLanguage>English</AdministrationLanguage>
		<AdministrationEnvironment>Testing Center</AdministrationEnvironment>
		<RetestIndicator>Primary Administration</RetestIndicator>
		<ScoreResults AssessmentReportingMethod="Raw score">
			<Result>3</Result>
		</ScoreResults>
		<StudentReference ref="STU-604847"/>
		<AssessmentReference ref="TA-10-Science-9-1"/>
	</StudentAssessment>
	<StudentAssessment>
		<AdministrationDate>2010-05-01</AdministrationDate>
		<SerialNumber>1</SerialNumber>
		<AdministrationLanguage>English</AdministrationLanguage>
		<AdministrationEnvironment>Testing Center</AdministrationEnvironment>
		<RetestIndicator>Primary Administration</RetestIndicator>
		<ScoreResults AssessmentReportingMethod="Raw score">
			<Result>3</Result>
		</ScoreResults>
		<StudentReference ref="STU-604849"/>
		<AssessmentReference ref="TA-10-Science-9-1"/>
	</StudentAssessment>
	<StudentAssessment>
		<AdministrationDate>2010-05-01</AdministrationDate>
		<SerialNumber>1</SerialNumber>
		<AdministrationLanguage>English</AdministrationLanguage>
		<AdministrationEnvironment>Testing Center</AdministrationEnvironment>
		<RetestIndicator>Primary Administration</RetestIndicator>
		<ScoreResults AssessmentReportingMethod="Raw score">
			<Result>4</Result>
		</ScoreResults>
		<StudentReference ref="STU-604863"/>
		<AssessmentReference ref="TA-10-Science-9-1"/>
	</StudentAssessment>
	<StudentAssessment>
		<AdministrationDate>2010-05-01</AdministrationDate>
		<SerialNumber>1</SerialNumber>
		<AdministrationLanguage>English</AdministrationLanguage>
		<AdministrationEnvironment>Testing Center</AdministrationEnvironment>
		<RetestIndicator>Primary Administration</RetestIndicator>
		<ScoreResults AssessmentReportingMethod="Raw score">
			<Result>3</Result>
		</ScoreResults>
		<StudentReference ref="STU-604874"/>
		<AssessmentReference ref="TA-10-Science-9-1"/>
	</StudentAssessment>
	<StudentAssessment>
		<AdministrationDate>2010-05-01</AdministrationDate>
		<SerialNumber>1</SerialNumber>
		<AdministrationLanguage>English</AdministrationLanguage>
		<AdministrationEnvironment>Testing Center</AdministrationEnvironment>
		<RetestIndicator>Primary Administration</RetestIndicator>
		<ScoreResults AssessmentReportingMethod="Raw score">
			<Result>4</Result>
		</ScoreResults>
		<StudentReference ref="STU-604881"/>
		<AssessmentReference ref="TA-12-Other-9-1"/>
	</StudentAssessment>
	<StudentAssessment>
		<AdministrationDate>2010-05-01</AdministrationDate>
		<SerialNumber>1</SerialNumber>
		<AdministrationLanguage>English</AdministrationLanguage>
		<AdministrationEnvironment>Testing Center</AdministrationEnvironment>
		<RetestIndicator>Primary Administration</RetestIndicator>
		<ScoreResults AssessmentReportingMethod="Raw score">
			<Result>6</Result>
		</ScoreResults>
		<StudentReference ref="STU-604905"/>
		<AssessmentReference ref="TA-3-ELA-9-1"/>
	</StudentAssessment>
	<StudentAssessment>
		<AdministrationDate>2010-05-01</AdministrationDate>
		<SerialNumber>1</SerialNumber>
		<AdministrationLanguage>English</AdministrationLanguage>
		<AdministrationEnvironment>Testing Center</AdministrationEnvironment>
		<RetestIndicator>Primary Administration</RetestIndicator>
		<ScoreResults AssessmentReportingMethod="Raw score">
			<Result>4</Result>
		</ScoreResults>
		<StudentReference ref="STU-604918"/>
		<AssessmentReference ref="TA-15-Other-9-1"/>
	</StudentAssessment>
	<StudentAssessment>
		<AdministrationDate>2010-05-01</AdministrationDate>
		<SerialNumber>1</SerialNumber>
		<AdministrationLanguage>English</AdministrationLanguage>
		<AdministrationEnvironment>Testing Center</AdministrationEnvironment>
		<RetestIndicator>Primary Administration</RetestIndicator>
		<ScoreResults AssessmentReportingMethod="Raw score">
			<Result>4</Result>
		</ScoreResults>
		<StudentReference ref="STU-604927"/>
		<AssessmentReference ref="TA-10-Science-9-1"/>
	</StudentAssessment>
	<StudentAssessment>
		<AdministrationDate>2010-05-01</AdministrationDate>
		<SerialNumber>1</SerialNumber>
		<AdministrationLanguage>English</AdministrationLanguage>
		<AdministrationEnvironment>Testing Center</AdministrationEnvironment>
		<RetestIndicator>Primary Administration</RetestIndicator>
		<ScoreResults AssessmentReportingMethod="Raw score">
			<Result>4</Result>
		</ScoreResults>
		<StudentReference ref="STU-604938"/>
		<AssessmentReference ref="TA-10-Science-9-1"/>
	</StudentAssessment>
	<StudentAssessment>
		<AdministrationDate>2010-05-01</AdministrationDate>
		<SerialNumber>1</SerialNumber>
		<AdministrationLanguage>English</AdministrationLanguage>
		<AdministrationEnvironment>Testing Center</AdministrationEnvironment>
		<RetestIndicator>Primary Administration</RetestIndicator>
		<ScoreResults AssessmentReportingMethod="Raw score">
			<Result>4</Result>
		</ScoreResults>
		<StudentReference ref="STU-604940"/>
		<AssessmentReference ref="TA-10-Science-9-1"/>
	</StudentAssessment>
	<StudentAssessment>
		<AdministrationDate>2010-05-01</AdministrationDate>
		<SerialNumber>1</SerialNumber>
		<AdministrationLanguage>English</AdministrationLanguage>
		<AdministrationEnvironment>Testing Center</AdministrationEnvironment>
		<RetestIndicator>Primary Administration</RetestIndicator>
		<ScoreResults AssessmentReportingMethod="Raw score">
			<Result>4</Result>
		</ScoreResults>
		<StudentReference ref="STU-604956"/>
		<AssessmentReference ref="TA-10-Science-9-1"/>
	</StudentAssessment>
	<StudentAssessment>
		<AdministrationDate>2010-05-01</AdministrationDate>
		<SerialNumber>1</SerialNumber>
		<AdministrationLanguage>English</AdministrationLanguage>
		<AdministrationEnvironment>Testing Center</AdministrationEnvironment>
		<RetestIndicator>Primary Administration</RetestIndicator>
		<ScoreResults AssessmentReportingMethod="Raw score">
			<Result>4</Result>
		</ScoreResults>
		<StudentReference ref="STU-604969"/>
		<AssessmentReference ref="TA-10-Science-9-1"/>
	</StudentAssessment>
	<StudentAssessment>
		<AdministrationDate>2010-05-01</AdministrationDate>
		<SerialNumber>1</SerialNumber>
		<AdministrationLanguage>English</AdministrationLanguage>
		<AdministrationEnvironment>Testing Center</AdministrationEnvironment>
		<RetestIndicator>Primary Administration</RetestIndicator>
		<ScoreResults AssessmentReportingMethod="Raw score">
			<Result>6</Result>
		</ScoreResults>
		<StudentReference ref="STU-604974"/>
		<AssessmentReference ref="TA-3-ELA-9-1"/>
	</StudentAssessment>
</InterchangeStudentAssessment>
